City,Edition,Sport,Discipline,Athlete,NOC,Gender,Event,Event_gender,Medal
Athens,1896,Aquatics,Swimming,"HAJOS, Alfred",HUN,Men,"100m freestyle",M,Gold
Athens,1896,Aquatics,Swimming,"HERSCHMANN, Otto",AUT,Men,"100m freestyle",M,Silver
Athens,1896,Aquatics,Swimming,"DRIVAS, Dimitrios",GRE,Men,"100m freestyle for sailors",M,Bronze
Athens,1896,Aquatics,Swimming,"MALOKINIS, Ioannis",GRE,Men,"100m freestyle for sailors",M,Gold
Athens,1896,Aquatics,Swimming,"CHASAPIS, Spiridon",GRE,Men,"100m freestyle for sailors",M,Silver
Athens,1896,Aquatics,Swimming,"CHOROPHAS, Efstathios",GRE,Men,"1200m freestyle",M,Bronze
Athens,1896,Aquatics,Swimming,"HAJOS, Alfred",HUN,Men,"1200m freestyle",M,Gold
Athens,1896,Aquatics,Swimming,"ANDREOU, Joannis",GRE,Men,"1200m freestyle",M,Silver
Athens,1896,Aquatics,Swimming,"CHOROPHAS, Efstathios",GRE,Men,"400m freestyle",M,Bronze
Athens,1896,Aquatics,Swimming,"NEUMANN, Paul",AUT,Men,"400m freestyle",M,Gold
Athens,1896,Aquatics,Swimming,"PEPANOS, Antonios",GRE,Men,"400m freestyle",M,Silver
Athens,1896,Athletics,Athletics,"LANE, Francis",USA,Men,100m,M,Bronze
Athens,1896,Athletics,Athletics,"SZOKOLYI, Alajos",HUN,Men,100m,M,Bronze
Athens,1896,Athletics,Athletics,"BURKE, Thomas",USA,Men,100m,M,Gold
Athens,1896,Athletics,Athletics,"HOFMANN, Fritz",GER,Men,100m,M,Silver
Athens,1896,Athletics,Athletics,"CURTIS, Thomas",USA,Men,"110m hurdles",M,Gold
Athens,1896,Athletics,Athletics,"GOULDING, Grantley",GBR,Men,"110m hurdles",M,Silver
Athens,1896,Athletics,Athletics,"LERMUSIAUX, Albin",FRA,Men,1500m,M,Bronze
Athens,1896,Athletics,Athletics,"FLACK, Edwin",AUS,Men,1500m,M,Gold
Athens,1896,Athletics,Athletics,"BLAKE, Arthur",USA,Men,1500m,M,Silver
Athens,1896,Athletics,Athletics,"GMELIN, Charles",GBR,Men,400m,M,Bronze
Athens,1896,Athletics,Athletics,"BURKE, Thomas",USA,Men,400m,M,Gold
Athens,1896,Athletics,Athletics,"JAMISON, Herbert",USA,Men,400m,M,Silver
Athens,1896,Athletics,Athletics,"GOLEMIS, Dimitrios",GRE,Men,800m,M,Bronze
Athens,1896,Athletics,Athletics,"FLACK, Edwin",AUS,Men,800m,M,Gold
Athens,1896,Athletics,Athletics,"DANI, Nandor",HUN,Men,800m,M,Silver
Athens,1896,Athletics,Athletics,"VERSIS, Sotirios",GRE,Men,"discus throw",M,Bronze
Athens,1896,Athletics,Athletics,"GARRETT, Robert",USA,Men,"discus throw",M,Gold
Athens,1896,Athletics,Athletics,"PARASKEVOPOULOS, Panagiotis",GRE,Men,"discus throw",M,Silver
Athens,1896,Athletics,Athletics,"CLARK, Ellery",USA,Men,"high jump",M,Gold
Athens,1896,Athletics,Athletics,"CONNOLLY, James",USA,Men,"high jump",M,Silver
Athens,1896,Athletics,Athletics,"GARRETT, Robert",USA,Men,"high jump",M,Silver
Athens,1896,Athletics,Athletics,"CONNOLLY, James",USA,Men,"long jump",M,Bronze
Athens,1896,Athletics,Athletics,"CLARK, Ellery",USA,Men,"long jump",M,Gold
Athens,1896,Athletics,Athletics,"GARRETT, Robert",USA,Men,"long jump",M,Silver
Athens,1896,Athletics,Athletics,"KELLNER, Gyula",HUN,Men,marathon,M,Bronze
Athens,1896,Athletics,Athletics,"LOUIS, Spyridon",GRE,Men,marathon,M,Gold
Athens,1896,Athletics,Athletics,"VASILAKOS, Kharilaos",GRE,Men,marathon,M,Silver
Athens,1896,Athletics,Athletics,"DAMASKOS, Evangelos",GRE,Men,"pole vault",M,Bronze
Athens,1896,Athletics,Athletics,"THEODOROPOULOS, Ioannis",GRE,Men,"pole vault",M,Bronze
Athens,1896,Athletics,Athletics,"HOYT, William Welles",USA,Men,"pole vault",M,Gold
Athens,1896,Athletics,Athletics,"TYLER, Albert",USA,Men,"pole vault",M,Silver
Athens,1896,Athletics,Athletics,"PAPASIDERIS, Georgios",GRE,Men,"shot put",M,Bronze
Athens,1896,Athletics,Athletics,"GARRETT, Robert",USA,Men,"shot put",M,Gold
Athens,1896,Athletics,Athletics,"GOUSKOS, Miltiadis",GRE,Men,"shot put",M,Silver
Athens,1896,Athletics,Athletics,"PERSAKIS, Ioannis",GRE,Men,"triple jump",M,Bronze
Athens,1896,Athletics,Athletics,"CONNOLLY, James",USA,Men,"triple jump",M,Gold
Athens,1896,Athletics,Athletics,"TUFFERI, Alexandre",FRA,Men,"triple jump",M,Silver
Athens,1896,Cycling,"Cycling Road","BATTEL, Edward",GBR,Men,"individual road race",M,Bronze
Athens,1896,Cycling,"Cycling Road","KONSTANTINIDIS, Aristidis",GRE,Men,"individual road race",M,Gold
Athens,1896,Cycling,"Cycling Road","GOEDRICH, August",GER,Men,"individual road race",M,Silver
Athens,1896,Cycling,"Cycling Track","FLAMENG, LÃƒÂ©on",FRA,Men,100km,M,Gold
Athens,1896,Cycling,"Cycling Track","KOLETTIS, Georgios",GRE,Men,100km,M,Silver
Athens,1896,Cycling,"Cycling Track","SCHMAL, Adolf",AUT,Men,10km,M,Bronze
Athens,1896,Cycling,"Cycling Track","MASSON, Paul",FRA,Men,10km,M,Gold
Athens,1896,Cycling,"Cycling Track","FLAMENG, LÃƒÂ©on",FRA,Men,10km,M,Silver
Athens,1896,Cycling,"Cycling Track","SCHMAL, Adolf",AUT,Men,"12-hour race",M,Gold
Athens,1896,Cycling,"Cycling Track","KEEPING, Frank",GBR,Men,"12-hour race",M,Silver
Athens,1896,Cycling,"Cycling Track","SCHMAL, Adolf",AUT,Men,"1km time trial",M,Bronze
Athens,1896,Cycling,"Cycling Track","MASSON, Paul",FRA,Men,"1km time trial",M,Gold
Athens,1896,Cycling,"Cycling Track","NIKOLOPOULOS, Stamatios",GRE,Men,"1km time trial",M,Silver
Athens,1896,Cycling,"Cycling Track","FLAMENG, LÃƒÂ©on",FRA,Men,"Sprint indivual",M,Bronze
Athens,1896,Cycling,"Cycling Track","MASSON, Paul",FRA,Men,"Sprint indivual",M,Gold
Athens,1896,Cycling,"Cycling Track","NIKOLOPOULOS, Stamatios",GRE,Men,"Sprint indivual",M,Silver
Athens,1896,Fencing,Fencing,"PIERRAKOS-MAVROMICHALIS, Perikles",GRE,Men,"foil individual",M,Bronze
Athens,1896,Fencing,Fencing,"GRAVELOTTE, EugÃƒÂ¨ne-Henri",FRA,Men,"foil individual",M,Gold
Athens,1896,Fencing,Fencing,"CALLOT, Henri",FRA,Men,"foil individual",M,Silver
Athens,1896,Fencing,Fencing,"PYRGOS, Leonidas",GRE,Men,"foil, masters",M,Gold
Athens,1896,Fencing,Fencing,"PERRONNET, Maurice",FRA,Men,"foil, masters",M,Silver
Athens,1896,Fencing,Fencing,"NIELSEN, Holger",DEN,Men,"sabre individual",M,Bronze
Athens,1896,Fencing,Fencing,"GEORGIADIS, Ioannis",GRE,Men,"sabre individual",M,Gold
Athens,1896,Fencing,Fencing,"KARAKALOS, Telemachos",GRE,Men,"sabre individual",M,Silver
Athens,1896,Gymnastics,"Artistic G.","WEINGÃƒâ€žRTNER, Hermann",GER,Men,"horizontal bar",M,Gold
Athens,1896,Gymnastics,"Artistic G.","FLATOW, Alfred",GER,Men,"horizontal bar",M,Silver
Athens,1896,Gymnastics,"Artistic G.","FLATOW, Alfred",GER,Men,"parallel bars",M,Gold
Athens,1896,Gymnastics,"Artistic G.","ZUTTER, Louis",SUI,Men,"parallel bars",M,Silver
Athens,1896,Gymnastics,"Artistic G.","ZUTTER, Louis",SUI,Men,"pommel horse",M,Gold
Athens,1896,Gymnastics,"Artistic G.","WEINGÃƒâ€žRTNER, Hermann",GER,Men,"pommel horse",M,Silver
Athens,1896,Gymnastics,"Artistic G.","PERSAKIS, Petros",GRE,Men,rings,M,Bronze
Athens,1896,Gymnastics,"Artistic G.","MITROPOULOS, Ioannis",GRE,Men,rings,M,Gold
Athens,1896,Gymnastics,"Artistic G.","WEINGÃƒâ€žRTNER, Hermann",GER,Men,rings,M,Silver
Athens,1896,Gymnastics,"Artistic G.","HOFMANN, Fritz",GER,Men,"rope climbing",M,Bronze
Athens,1896,Gymnastics,"Artistic G.","ANDRIAKOPOULOS, Nicolaos",GRE,Men,"rope climbing",M,Gold
Athens,1896,Gymnastics,"Artistic G.","XENAKIS, Thomasios",GRE,Men,"rope climbing",M,Silver
Athens,1896,Gymnastics,"Artistic G.","BÃƒâ€“CKER, Konrad",GER,Men,"team, horizontal bar",M,Gold
Athens,1896,Gymnastics,"Artistic G.","FLATOW, Alfred",GER,Men,"team, horizontal bar",M,Gold
Athens,1896,Gymnastics,"Artistic G.","FLATOW, Gustav Felix",GER,Men,"team, horizontal bar",M,Gold
Athens,1896,Gymnastics,"Artistic G.","HILMAR, Georg",GER,Men,"team, horizontal bar",M,Gold
Athens,1896,Gymnastics,"Artistic G.","HOFMANN, Fritz",GER,Men,"team, horizontal bar",M,Gold
Athens,1896,Gymnastics,"Artistic G.","MANTEUFFEL, Fritz",GER,Men,"team, horizontal bar",M,Gold
Athens,1896,Gymnastics,"Artistic G.","NEUKIRCH, Karl",GER,Men,"team, horizontal bar",M,Gold
Athens,1896,Gymnastics,"Artistic G.","RÃƒâ€“STEL, Richard",GER,Men,"team, horizontal bar",M,Gold
Athens,1896,Gymnastics,"Artistic G.","SCHUFT, Gustav",GER,Men,"team, horizontal bar",M,Gold
Athens,1896,Gymnastics,"Artistic G.","SCHUMANN, Carl",GER,Men,"team, horizontal bar",M,Gold
Athens,1896,Gymnastics,"Artistic G.","WEINGÃƒâ€žRTNER, Hermann",GER,Men,"team, horizontal bar",M,Gold
Athens,1896,Gymnastics,"Artistic G.","CHRYSAPHIS, Ioannis",GRE,Men,"team, parallel bars",M,Bronze
Athens,1896,Gymnastics,"Artistic G.","KARVELAS, Phillippos",GRE,Men,"team, parallel bars",M,Bronze
Athens,1896,Gymnastics,"Artistic G.","LOUNDRAS, Dimitrios",GRE,Men,"team, parallel bars",M,Bronze
Athens,1896,Gymnastics,"Artistic G.","MITROPOULOS, Ioannis",GRE,Men,"team, parallel bars",M,Bronze
Athens,1896,Gymnastics,"Artistic G.","BÃƒâ€“CKER, Konrad",GER,Men,"team, parallel bars",M,Gold
Athens,1896,Gymnastics,"Artistic G.","FLATOW, Alfred",GER,Men,"team, parallel bars",M,Gold
Athens,1896,Gymnastics,"Artistic G.","FLATOW, Gustav Felix",GER,Men,"team, parallel bars",M,Gold
Athens,1896,Gymnastics,"Artistic G.","HILMAR, Georg",GER,Men,"team, parallel bars",M,Gold
Athens,1896,Gymnastics,"Artistic G.","HOFMANN, Fritz",GER,Men,"team, parallel bars",M,Gold
Athens,1896,Gymnastics,"Artistic G.","MANTEUFFEL, Fritz",GER,Men,"team, parallel bars",M,Gold
Athens,1896,Gymnastics,"Artistic G.","NEUKIRCH, Karl",GER,Men,"team, parallel bars",M,Gold
Athens,1896,Gymnastics,"Artistic G.","RÃƒâ€“STEL, Richard",GER,Men,"team, parallel bars",M,Gold
Athens,1896,Gymnastics,"Artistic G.","SCHUFT, Gustav",GER,Men,"team, parallel bars",M,Gold
Athens,1896,Gymnastics,"Artistic G.","SCHUMANN, Carl",GER,Men,"team, parallel bars",M,Gold
Athens,1896,Gymnastics,"Artistic G.","WEINGÃƒâ€žRTNER, Hermann",GER,Men,"team, parallel bars",M,Gold
Athens,1896,Gymnastics,"Artistic G.","ANDRIAKOPOULOS, Nicolaos",GRE,Men,"team, parallel bars",M,Silver
Athens,1896,Gymnastics,"Artistic G.","ATHANASOPOULOS, Spyros",GRE,Men,"team, parallel bars",M,Silver
Athens,1896,Gymnastics,"Artistic G.","PERSAKIS, Petros",GRE,Men,"team, parallel bars",M,Silver
Athens,1896,Gymnastics,"Artistic G.","XENAKIS, Thomasios",GRE,Men,"team, parallel bars",M,Silver
Athens,1896,Gymnastics,"Artistic G.","WEINGÃƒâ€žRTNER, Hermann",GER,Men,vault,M,Bronze
Athens,1896,Gymnastics,"Artistic G.","SCHUMANN, Carl",GER,Men,vault,M,Gold
Athens,1896,Gymnastics,"Artistic G.","ZUTTER, Louis",SUI,Men,vault,M,Silver
Athens,1896,Shooting,Shooting,"MORAKIS, Nikolaos",GRE,Men,"25m army pistol",M,Bronze
Athens,1896,Shooting,Shooting,"PAINE, John",USA,Men,"25m army pistol",M,Gold
Athens,1896,Shooting,Shooting,"PAINE, Sumner",USA,Men,"25m army pistol",M,Silver
Athens,1896,Shooting,Shooting,"NIELSEN, Holger",DEN,Men,"25m rapid fire pistol (60 shots)",M,Bronze
Athens,1896,Shooting,Shooting,"PHRANGOUDIS, Joannis",GRE,Men,"25m rapid fire pistol (60 shots)",M,Gold
Athens,1896,Shooting,Shooting,"ORPHANIDIS, Georgios",GRE,Men,"25m rapid fire pistol (60 shots)",M,Silver
Athens,1896,Shooting,Shooting,"PHRANGOUDIS, Joannis",GRE,Men,"50m pistol (60 shots)",M,Bronze
Athens,1896,Shooting,Shooting,"PAINE, Sumner",USA,Men,"50m pistol (60 shots)",M,Gold
Athens,1896,Shooting,Shooting,"NIELSEN, Holger",DEN,Men,"50m pistol (60 shots)",M,Silver
Athens,1896,Shooting,Shooting,"TRIKUPIS, Nicolaos",GRE,Men,"army rifle, 200m",M,Bronze
Athens,1896,Shooting,Shooting,"KARASEVDAS, Pantelis",GRE,Men,"army rifle, 200m",M,Gold
Athens,1896,Shooting,Shooting,"PAVLIDIS, Pavlos",GRE,Men,"army rifle, 200m",M,Silver
Athens,1896,Shooting,Shooting,"JENSEN, Viggo",DEN,Men,"army rifle, 300m",M,Bronze
Athens,1896,Shooting,Shooting,"ORPHANIDIS, Georgios",GRE,Men,"army rifle, 300m",M,Gold
Athens,1896,Shooting,Shooting,"PHRANGOUDIS, Joannis",GRE,Men,"army rifle, 300m",M,Silver
Athens,1896,Tennis,Tennis,"FLACK, Edwin",ZZX,Men,doubles,M,Bronze
Athens,1896,Tennis,Tennis,"ROBERTSON, George Stuart",ZZX,Men,doubles,M,Bronze
Athens,1896,Tennis,Tennis,"BOLAND, John",ZZX,Men,doubles,M,Gold
Athens,1896,Tennis,Tennis,"TRAUN, Friedrich",ZZX,Men,doubles,M,Gold
Athens,1896,Tennis,Tennis,"KASDAGLIS, Dionysios",ZZX,Men,doubles,M,Silver
Athens,1896,Tennis,Tennis,"PETROKOKKINOS, Demetrios",ZZX,Men,doubles,M,Silver
Athens,1896,Tennis,Tennis,"PASPATIS, Konstantinos",GRE,Men,singles,M,Bronze
Athens,1896,Tennis,Tennis,"TAPAVICZA, Momcsillo",HUN,Men,singles,M,Bronze
Athens,1896,Tennis,Tennis,"BOLAND, John",GBR,Men,singles,M,Gold
Athens,1896,Tennis,Tennis,"KASDAGLIS, Dionysios",GRE,Men,singles,M,Silver
Athens,1896,Weightlifting,Weightlifting,"NIKOLOPOULOS, Alexandros",GRE,Men,"heavyweight - one hand lift",M,Bronze
Athens,1896,Weightlifting,Weightlifting,"ELLIOTT, Launceston",GBR,Men,"heavyweight - one hand lift",M,Gold
Athens,1896,Weightlifting,Weightlifting,"JENSEN, Viggo",DEN,Men,"heavyweight - one hand lift",M,Silver
Athens,1896,Weightlifting,Weightlifting,"VERSIS, Sotirios",GRE,Men,"heavyweight - two hand lift",M,Bronze
Athens,1896,Weightlifting,Weightlifting,"JENSEN, Viggo",DEN,Men,"heavyweight - two hand lift",M,Gold
Athens,1896,Weightlifting,Weightlifting,"ELLIOTT, Launceston",GBR,Men,"heavyweight - two hand lift",M,Silver
Athens,1896,Wrestling,"Wrestling Gre-R","CHRISTOPOULOS, Stephanos",GRE,Men,"open event",M,Bronze
Athens,1896,Wrestling,"Wrestling Gre-R","SCHUMANN, Carl",GER,Men,"open event",M,Gold
Athens,1896,Wrestling,"Wrestling Gre-R","TSITAS, Georgios",GRE,Men,"open event",M,Silver
Paris,1900,Aquatics,Swimming,"HALMAY, Zoltan",HUN,Men,"1500m freestyle",M,Bronze
Paris,1900,Aquatics,Swimming,"JARVIS, John Arthur",GBR,Men,"1500m freestyle",M,Gold
Paris,1900,Aquatics,Swimming,"WAHLE, Otto",AUT,Men,"1500m freestyle",M,Silver
Paris,1900,Aquatics,Swimming,"DROST, Johannes",NED,Men,"200m backstroke",M,Bronze
Paris,1900,Aquatics,Swimming,"HOPPENBERG, Ernst",GER,Men,"200m backstroke",M,Gold
Paris,1900,Aquatics,Swimming,"RUBERL, Karl",AUT,Men,"200m backstroke",M,Silver
Paris,1900,Aquatics,Swimming,"RUBERL, Karl",AUT,Men,"200m freestyle",M,Bronze
Paris,1900,Aquatics,Swimming,"LANE, Frederick C.V.",AUS,Men,"200m freestyle",M,Gold
Paris,1900,Aquatics,Swimming,"HALMAY, Zoltan",HUN,Men,"200m freestyle",M,Silver
Paris,1900,Aquatics,Swimming,"KEMP, Peter",GBR,Men,"200m obstacle event",M,Bronze
Paris,1900,Aquatics,Swimming,"LANE, Frederick C.V.",AUS,Men,"200m obstacle event",M,Gold
Paris,1900,Aquatics,Swimming,"WAHLE, Otto",AUT,Men,"200m obstacle event",M,Silver
Paris,1900,Aquatics,Swimming,HOUBEN,FRA,Men,"200m team swimming",M,Bronze
Paris,1900,Aquatics,Swimming,"LEUILLIEUX, Jean",FRA,Men,"200m team swimming",M,Bronze
Paris,1900,Aquatics,Swimming,"MARTIN, Louis",FRA,Men,"200m team swimming",M,Bronze
Paris,1900,Aquatics,Swimming,"MERCHEZ, DÃƒÂ©sirÃƒÂ©",FRA,Men,"200m team swimming",M,Bronze
Paris,1900,Aquatics,Swimming,TARTARA,FRA,Men,"200m team swimming",M,Bronze
Paris,1900,Aquatics,Swimming,"FREY, Julius",GER,Men,"200m team swimming",M,Gold
Paris,1900,Aquatics,Swimming,"HAINLE, Max",GER,Men,"200m team swimming",M,Gold
Paris,1900,Aquatics,Swimming,"HOPPENBERG, Ernst",GER,Men,"200m team swimming",M,Gold
Paris,1900,Aquatics,Swimming,"SCHÃƒâ€“NE, Max",GER,Men,"200m team swimming",M,Gold
Paris,1900,Aquatics,Swimming,"VON PETERSDORFF, Herbert",GER,Men,"200m team swimming",M,Gold
Paris,1900,Aquatics,Swimming,BERTRAND,FRA,Men,"200m team swimming",M,Silver
Paris,1900,Aquatics,Swimming,CADET,FRA,Men,"200m team swimming",M,Silver
Paris,1900,Aquatics,Swimming,"HOCHEPIED, Maurice",FRA,Men,"200m team swimming",M,Silver
Paris,1900,Aquatics,Swimming,"HOCHEPIED, Victor",FRA,Men,"200m team swimming",M,Silver
Paris,1900,Aquatics,Swimming,VERBECKE,FRA,Men,"200m team swimming",M,Silver
Paris,1900,Aquatics,Swimming,"MARTIN, Louis",FRA,Men,"4000m freestyle",M,Bronze
Paris,1900,Aquatics,Swimming,"JARVIS, John Arthur",GBR,Men,"4000m freestyle",M,Gold
Paris,1900,Aquatics,Swimming,"HALMAY, Zoltan",HUN,Men,"4000m freestyle",M,Silver
Paris,1900,Aquatics,Swimming,"LYKKEBERG, Peder",DEN,Men,"underwater swimming",M,Bronze
Paris,1900,Aquatics,Swimming,"DE VENDEVILLE, Charles",FRA,Men,"underwater swimming",M,Gold
Paris,1900,Aquatics,Swimming,"SIX, AndrÃƒÂ©",FRA,Men,"underwater swimming",M,Silver
Paris,1900,Aquatics,"Water polo","BURGESS, Thomas",FRA,Men,"water polo",M,Bronze
Paris,1900,Aquatics,"Water polo",COULON,FRA,Men,"water polo",M,Bronze
Paris,1900,Aquatics,"Water polo","DECUYPER, Alphonse",FRA,Men,"water polo",M,Bronze
Paris,1900,Aquatics,"Water polo",DEVENOT,FRA,Men,"water polo",M,Bronze
Paris,1900,Aquatics,"Water polo",FARDELLE,FRA,Men,"water polo",M,Bronze
Paris,1900,Aquatics,"Water polo",FAVIER,FRA,Men,"water polo",M,Bronze
Paris,1900,Aquatics,"Water polo","LAUFRAY, Louis",FRA,Men,"water polo",M,Bronze
Paris,1900,Aquatics,"Water polo",LERICHE,FRA,Men,"water polo",M,Bronze
Paris,1900,Aquatics,"Water polo","MARTIN, Louis",FRA,Men,"water polo",M,Bronze
Paris,1900,Aquatics,"Water polo","MERCHEZ, DÃƒÂ©sirÃƒÂ©",FRA,Men,"water polo",M,Bronze
Paris,1900,Aquatics,"Water polo","PESLIER, Henri",FRA,Men,"water polo",M,Bronze
Paris,1900,Aquatics,"Water polo",PESLOY,FRA,Men,"water polo",M,Bronze
Paris,1900,Aquatics,"Water polo","TREFFEL, Charles",FRA,Men,"water polo",M,Bronze
Paris,1900,Aquatics,"Water polo","VASSEUR, Paul",FRA,Men,"water polo",M,Bronze
Paris,1900,Aquatics,"Water polo","COE, Thomas",GBR,Men,"water polo",M,Gold
Paris,1900,Aquatics,"Water polo","DERBYSHIRE, John Henry",GBR,Men,"water polo",M,Gold
Paris,1900,Aquatics,"Water polo","KEMP, Peter",GBR,Men,"water polo",M,Gold
Paris,1900,Aquatics,"Water polo","LISTER, William",GBR,Men,"water polo",M,Gold
Paris,1900,Aquatics,"Water polo","ROBERTSON, Arthur",GBR,Men,"water polo",M,Gold
Paris,1900,Aquatics,"Water polo","ROBINSON, Eric",GBR,Men,"water polo",M,Gold
Paris,1900,Aquatics,"Water polo","WILKINSON, George",GBR,Men,"water polo",M,Gold
Paris,1900,Aquatics,"Water polo","COHEN, Henri",BEL,Men,"water polo",M,Silver
Paris,1900,Aquatics,"Water polo","DE BACKER, Jean",BEL,Men,"water polo",M,Silver
Paris,1900,Aquatics,"Water polo","DE BEHR, Victor",BEL,Men,"water polo",M,Silver
Paris,1900,Aquatics,"Water polo","FEYAERTS, Fernand",BEL,Men,"water polo",M,Silver
Paris,1900,Aquatics,"Water polo","GREGOIRE, Oscar",BEL,Men,"water polo",M,Silver
Paris,1900,Aquatics,"Water polo","MICHANT, Albert",BEL,Men,"water polo",M,Silver
Paris,1900,Aquatics,"Water polo","SONNEMANS, Victor",BEL,Men,"water polo",M,Silver
Paris,1900,Archery,Archery,"PETIT, Charles FrÃƒÂ©dÃƒÂ©ric",FRA,Men,"au chapelet, 33m",M,Bronze
Paris,1900,Archery,Archery,"VAN INNIS, Hubert",BEL,Men,"au chapelet, 33m",M,Gold
Paris,1900,Archery,Archery,"THIBAUD, Victor",FRA,Men,"au chapelet, 33m",M,Silver
Paris,1900,Archery,Archery,"MERCIER, Emile",FRA,Men,"au chapelet, 50m",M,Bronze
Paris,1900,Archery,Archery,"MOUGIN, EugÃƒÂ¨ne",FRA,Men,"au chapelet, 50m",M,Gold
Paris,1900,Archery,Archery,"HELLE, Henri",FRA,Men,"au chapelet, 50m",M,Silver
Paris,1900,Archery,Archery,"PETIT, Charles FrÃƒÂ©dÃƒÂ©ric",FRA,Men,"au cordon dorÃƒÂ©, 33m",M,Bronze
Paris,1900,Archery,Archery,"VAN INNIS, Hubert",BEL,Men,"au cordon dorÃƒÂ©, 33m",M,Gold
Paris,1900,Archery,Archery,"THIBAUD, Victor",FRA,Men,"au cordon dorÃƒÂ©, 33m",M,Silver
Paris,1900,Archery,Archery,"FISSEUX, Emile",FRA,Men,"au cordon dorÃƒÂ©, 50m",M,Bronze
Paris,1900,Archery,Archery,"HEROUIN, Henri",FRA,Men,"au cordon dorÃƒÂ©, 50m",M,Gold
Paris,1900,Archery,Archery,"VAN INNIS, Hubert",BEL,Men,"au cordon dorÃƒÂ©, 50m",M,Silver
Paris,1900,Archery,Archery,"FOULON, Emmanuel",BEL,Men,"sur la perche ÃƒÂ  la herse",M,Gold
Paris,1900,Archery,Archery,"DRUART, Jr.",BEL,Men,"sur la perche ÃƒÂ  la herse",M,Silver
Paris,1900,Archery,Archery,"SERRURIER, Auguste",FRA,Men,"sur la perche ÃƒÂ  la herse",M,Silver
Paris,1900,Archery,Archery,"GLINEUX, Louis",BEL,Men,"sur la perche ÃƒÂ  la pyramide",M,Bronze
Paris,1900,Archery,Archery,"GRUMIAUX, Emile",FRA,Men,"sur la perche ÃƒÂ  la pyramide",M,Gold
Paris,1900,Archery,Archery,"SERRURIER, Auguste",FRA,Men,"sur la perche ÃƒÂ  la pyramide",M,Silver
Paris,1900,Athletics,Athletics,"ROWLEY, Stanley",AUS,Men,100m,M,Bronze
Paris,1900,Athletics,Athletics,"JARVIS, Francis",USA,Men,100m,M,Gold
Paris,1900,Athletics,Athletics,"TEWKSBURY, Walter B. John",USA,Men,100m,M,Silver
Paris,1900,Athletics,Athletics,"MOLONEY, Frederick",USA,Men,"110m hurdles",M,Bronze
Paris,1900,Athletics,Athletics,"KRAENZLEIN, Alvin",USA,Men,"110m hurdles",M,Gold
Paris,1900,Athletics,Athletics,"MCLEAN, John",USA,Men,"110m hurdles",M,Silver
Paris,1900,Athletics,Athletics,"BRAY, John",USA,Men,1500m,M,Bronze
Paris,1900,Athletics,Athletics,"BENNETT, Charles",GBR,Men,1500m,M,Gold
Paris,1900,Athletics,Athletics,"DELOGE, Henri",FRA,Men,1500m,M,Silver
Paris,1900,Athletics,Athletics,"ROWLEY, Stanley",AUS,Men,200m,M,Bronze
Paris,1900,Athletics,Athletics,"TEWKSBURY, Walter B. John",USA,Men,200m,M,Gold
Paris,1900,Athletics,Athletics,"PRITCHARD, Norman",IND,Men,200m,M,Silver
Paris,1900,Athletics,Athletics,"TEWKSBURY, Walter B. John",USA,Men,"200m hurdles",M,Bronze
Paris,1900,Athletics,Athletics,"KRAENZLEIN, Alvin",USA,Men,"200m hurdles",M,Gold
Paris,1900,Athletics,Athletics,"PRITCHARD, Norman",IND,Men,"200m hurdles",M,Silver
Paris,1900,Athletics,Athletics,"CHASTANIE, Jacques",FRA,Men,"3000m steeplechase",M,Bronze
Paris,1900,Athletics,Athletics,"ORTON, George",CAN,Men,"3000m steeplechase",M,Gold
Paris,1900,Athletics,Athletics,"ROBINSON, Sidney",GBR,Men,"3000m steeplechase",M,Silver
Paris,1900,Athletics,Athletics,"ROBINSON, Sidney",GBR,Men,"4000m steeplechase",M,Bronze
Paris,1900,Athletics,Athletics,"RIMMER, John",GBR,Men,"4000m steeplechase",M,Gold
Paris,1900,Athletics,Athletics,"BENNETT, Charles",GBR,Men,"4000m steeplechase",M,Silver
Paris,1900,Athletics,Athletics,"SCHULTZ, Ernst",DEN,Men,400m,M,Bronze
Paris,1900,Athletics,Athletics,"LONG, Maxwell W.Maxey",USA,Men,400m,M,Gold
Paris,1900,Athletics,Athletics,"HOLLAND, William",USA,Men,400m,M,Silver
Paris,1900,Athletics,Athletics,"ORTON, George",CAN,Men,"400m hurdles",M,Bronze
Paris,1900,Athletics,Athletics,"TEWKSBURY, Walter B. John",USA,Men,"400m hurdles",M,Gold
Paris,1900,Athletics,Athletics,"TAUZIN, Henri",FRA,Men,"400m hurdles",M,Silver
Paris,1900,Athletics,Athletics,"BENNETT, Charles",ZZX,Men,"5000m team",M,Gold
Paris,1900,Athletics,Athletics,"RIMMER, John",ZZX,Men,"5000m team",M,Gold
Paris,1900,Athletics,Athletics,"ROBINSON, Sidney",ZZX,Men,"5000m team",M,Gold
Paris,1900,Athletics,Athletics,"ROWLEY, Stanley",ZZX,Men,"5000m team",M,Gold
Paris,1900,Athletics,Athletics,"TYSOE, Alfred",ZZX,Men,"5000m team",M,Gold
Paris,1900,Athletics,Athletics,"CASTANET, AndrÃƒÂ©",FRA,Men,"5000m team",M,Silver
Paris,1900,Athletics,Athletics,"CHAMPOUDRY, Michel",FRA,Men,"5000m team",M,Silver
Paris,1900,Athletics,Athletics,"CHASTANIE, Jacques",FRA,Men,"5000m team",M,Silver
Paris,1900,Athletics,Athletics,"DELOGE, Henri",FRA,Men,"5000m team",M,Silver
Paris,1900,Athletics,Athletics,"RAGUENEAU, Gaston",FRA,Men,"5000m team",M,Silver
Paris,1900,Athletics,Athletics,"ROWLEY, Stanley",AUS,Men,60m,M,Bronze
Paris,1900,Athletics,Athletics,"KRAENZLEIN, Alvin",USA,Men,60m,M,Gold
Paris,1900,Athletics,Athletics,"TEWKSBURY, Walter B. John",USA,Men,60m,M,Silver
Paris,1900,Athletics,Athletics,"HALL, David",USA,Men,800m,M,Bronze
Paris,1900,Athletics,Athletics,"TYSOE, Alfred",GBR,Men,800m,M,Gold
Paris,1900,Athletics,Athletics,"CREGAN, John",USA,Men,800m,M,Silver
Paris,1900,Athletics,Athletics,"SHELDON, Richard",USA,Men,"discus throw",M,Bronze
Paris,1900,Athletics,Athletics,"BAUER, Rudolf",HUN,Men,"discus throw",M,Gold
Paris,1900,Athletics,Athletics,"JANDA, Frantisek",BOH,Men,"discus throw",M,Silver
Paris,1900,Athletics,Athletics,"MCCRACKEN, Josiah",USA,Men,"hammer throw",M,Bronze
Paris,1900,Athletics,Athletics,"FLANAGAN, John Jesus",USA,Men,"hammer throw",M,Gold
Paris,1900,Athletics,Athletics,"HARE, Thomas Truxton",USA,Men,"hammer throw",M,Silver
Paris,1900,Athletics,Athletics,"GÃƒâ€“NCZY, Lajos",HUN,Men,"high jump",M,Bronze
Paris,1900,Athletics,Athletics,"BAXTER, Irving",USA,Men,"high jump",M,Gold
Paris,1900,Athletics,Athletics,"LEAHY, Patrick Joseph",GBR,Men,"high jump",M,Silver
Paris,1900,Athletics,Athletics,"SHELDON, Lewis Pendleton",USA,Men,"high jump, standing",M,Bronze
Paris,1900,Athletics,Athletics,"EWRY, Ray",USA,Men,"high jump, standing",M,Gold
Paris,1900,Athletics,Athletics,"BAXTER, Irving",USA,Men,"high jump, standing",M,Silver
Paris,1900,Athletics,Athletics,"LEAHY, Patrick Joseph",GBR,Men,"long jump",M,Bronze
Paris,1900,Athletics,Athletics,"KRAENZLEIN, Alvin",USA,Men,"long jump",M,Gold
Paris,1900,Athletics,Athletics,"PRINSTEIN, Meyer",USA,Men,"long jump",M,Silver
Paris,1900,Athletics,Athletics,"TORCHEBOEUF, Emile",FRA,Men,"long jump, standing",M,Bronze
Paris,1900,Athletics,Athletics,"EWRY, Ray",USA,Men,"long jump, standing",M,Gold
Paris,1900,Athletics,Athletics,"BAXTER, Irving",USA,Men,"long jump, standing",M,Silver
Paris,1900,Athletics,Athletics,"FAST, Ernst",SWE,Men,marathon,M,Bronze
Paris,1900,Athletics,Athletics,"THEATO, Michel",FRA,Men,marathon,M,Gold
Paris,1900,Athletics,Athletics,"CHAMPION, Emile",FRA,Men,marathon,M,Silver
Paris,1900,Athletics,Athletics,"ANDERSEN, Carl Albert",NOR,Men,"pole vault",M,Bronze
Paris,1900,Athletics,Athletics,"BAXTER, Irving",USA,Men,"pole vault",M,Gold
Paris,1900,Athletics,Athletics,"COLKETT, Meredith Bright",USA,Men,"pole vault",M,Silver
Paris,1900,Athletics,Athletics,"GARRETT, Robert",USA,Men,"shot put",M,Bronze
Paris,1900,Athletics,Athletics,"SHELDON, Richard",USA,Men,"shot put",M,Gold
Paris,1900,Athletics,Athletics,"MCCRACKEN, Josiah",USA,Men,"shot put",M,Silver
Paris,1900,Athletics,Athletics,"SHELDON, Lewis Pendleton",USA,Men,"triple jump",M,Bronze
Paris,1900,Athletics,Athletics,"PRINSTEIN, Meyer",USA,Men,"triple jump",M,Gold
Paris,1900,Athletics,Athletics,"CONNOLLY, James",USA,Men,"triple jump",M,Silver
Paris,1900,Athletics,Athletics,"GARRETT, Robert",USA,Men,"triple jump, standing",M,Bronze
Paris,1900,Athletics,Athletics,"EWRY, Ray",USA,Men,"triple jump, standing",M,Gold
Paris,1900,Athletics,Athletics,"BAXTER, Irving",USA,Men,"triple jump, standing",M,Silver
Paris,1900,"Basque Pelota","Basque Pelota","De AMEZOLA y ASPIZUA, JosÃƒÂ©",ESP,Men,"cesta punta",M,Gold
Paris,1900,"Basque Pelota","Basque Pelota","VILLOTA BAQUIOLA, Francisco",ESP,Men,"cesta punta",M,Gold
Paris,1900,"Basque Pelota","Basque Pelota","DURQUETTY, Maurice",FRA,Men,"cesta punta",M,Silver
Paris,1900,"Basque Pelota","Basque Pelota",ETCHEGARAY,FRA,Men,"cesta punta",M,Silver
Paris,1900,Cricket,Cricket,"BEACHCROFT, Charles",GBR,Men,cricket,M,Gold
Paris,1900,Cricket,Cricket,"BIRKETT, Arthur Ernest",GBR,Men,cricket,M,Gold
Paris,1900,Cricket,Cricket,"BOWERMAN, Alfred James",GBR,Men,cricket,M,Gold
Paris,1900,Cricket,Cricket,"BUCKLEY, George John",GBR,Men,cricket,M,Gold
Paris,1900,Cricket,Cricket,"BURCHELL, Francis Romulus",GBR,Men,cricket,M,Gold
Paris,1900,Cricket,Cricket,"CHRISTIAN, Frederick William",GBR,Men,cricket,M,Gold
Paris,1900,Cricket,Cricket,"CORNER, Harry Richard",GBR,Men,cricket,M,Gold
Paris,1900,Cricket,Cricket,"CUMING, Frederick Wlliam",GBR,Men,cricket,M,Gold
Paris,1900,Cricket,Cricket,"DONNE, William Stephen",GBR,Men,cricket,M,Gold
Paris,1900,Cricket,Cricket,"POWLESLAND, Alfred James",GBR,Men,cricket,M,Gold
Paris,1900,Cricket,Cricket,"SYMES, John",GBR,Men,cricket,M,Gold
Paris,1900,Cricket,Cricket,"TOLLER, Montagu Henry",GBR,Men,cricket,M,Gold
Paris,1900,Cricket,Cricket,"ANDERSON, W.",FRA,Men,cricket,M,Silver
Paris,1900,Cricket,Cricket,"ATTRILL, W.T.",FRA,Men,cricket,M,Silver
Paris,1900,Cricket,Cricket,"BRAID, J.",FRA,Men,cricket,M,Silver
Paris,1900,Cricket,Cricket,"BROWNING, W.",FRA,Men,cricket,M,Silver
Paris,1900,Cricket,Cricket,"HORNE, R.",FRA,Men,cricket,M,Silver
Paris,1900,Cricket,Cricket,"JORDAN, T.H.",FRA,Men,cricket,M,Silver
Paris,1900,Cricket,Cricket,"MCEVOY, A.",FRA,Men,cricket,M,Silver
Paris,1900,Cricket,Cricket,"ROBINSON, D.",FRA,Men,cricket,M,Silver
Paris,1900,Cricket,Cricket,"ROQUES, F.",FRA,Men,cricket,M,Silver
Paris,1900,Cricket,Cricket,"SCHNEIDAU, A.J.",FRA,Men,cricket,M,Silver
Paris,1900,Cricket,Cricket,"TERRY, Henry John",FRA,Men,cricket,M,Silver
Paris,1900,Cricket,Cricket,"TOMALIN, P.H.",FRA,Men,cricket,M,Silver
Paris,1900,Croquet,Croquet,AUMOITTE,FRA,Men,double,M,Gold
Paris,1900,Croquet,Croquet,JOHIN,FRA,Men,double,M,Gold
Paris,1900,Croquet,Croquet,WAYDELICH,FRA,Men,"individual 1 ball",M,Bronze
Paris,1900,Croquet,Croquet,AUMOITTE,FRA,Men,"individual 1 ball",M,Gold
Paris,1900,Croquet,Croquet,JOHIN,FRA,Men,"individual 1 ball",M,Silver
Paris,1900,Croquet,Croquet,SAUTREAU,FRA,Men,"individual 2 balls",M,Bronze
Paris,1900,Croquet,Croquet,WAYDELICH,FRA,Men,"individual 2 balls",M,Gold
Paris,1900,Croquet,Croquet,VIGNEROT,FRA,Men,"individual 2 balls",M,Silver
Paris,1900,Cycling,"Cycling Track","DAUMAIN, .....",FRA,Men,"25 kilometres",M,Bronze
Paris,1900,Cycling,"Cycling Track","BASTIEN, Louis",FRA,Men,"25 kilometres",M,Gold
Paris,1900,Cycling,"Cycling Track","HILDEBRAND, Louis",FRA,Men,"25 kilometres",M,Silver
Paris,1900,Cycling,"Cycling Track","LAKE, John Henry",USA,Men,"Sprint indivual",M,Bronze
Paris,1900,Cycling,"Cycling Track","TAILLANDIER, Georges",FRA,Men,"Sprint indivual",M,Gold
Paris,1900,Cycling,"Cycling Track","SANZ, Fernand",FRA,Men,"Sprint indivual",M,Silver
Paris,1900,Equestrian,Jumping,"VAN DE POELE, Georges",BEL,Men,"high jump",X,Bronze
Paris,1900,Equestrian,Jumping,"GARDERES, Dominique Maximien",FRA,Men,"high jump",X,Gold
Paris,1900,Equestrian,Jumping,"TRISSINO, Gian Giorgio",ITA,Men,"high jump",X,Gold
Paris,1900,Equestrian,Jumping,"DE CHAMPSAVIN, Louis",FRA,Men,individual,X,Bronze
Paris,1900,Equestrian,Jumping,"HAEGEMAN, AimÃƒÂ©",BEL,Men,individual,X,Gold
Paris,1900,Equestrian,Jumping,"VAN DE POELE, Georges",BEL,Men,individual,X,Silver
Paris,1900,Equestrian,Jumping,"DE BELLEGARDE",FRA,Men,"long jump individual",X,Bronze
Paris,1900,Equestrian,Jumping,"VAN LANGHENDONCK, Constant",BEL,Men,"long jump individual",X,Gold
Paris,1900,Equestrian,Jumping,"TRISSINO, Gian Giorgio",ITA,Men,"long jump individual",X,Silver
Paris,1900,Fencing,Fencing,"SEE, LÃƒÂ©on",FRA,Men,"ÃƒÂ©pÃƒÂ©e individual",M,Bronze
Paris,1900,Fencing,Fencing,"FONST, Ramon",CUB,Men,"ÃƒÂ©pÃƒÂ©e individual",M,Gold
Paris,1900,Fencing,Fencing,"PERREE, Louis",FRA,Men,"ÃƒÂ©pÃƒÂ©e individual",M,Silver
Paris,1900,Fencing,Fencing,"SEE, LÃƒÂ©on",FRA,Men,"ÃƒÂ©pÃƒÂ©e, amateurs and masters",M,Bronze
Paris,1900,Fencing,Fencing,"AYAT, Albert",FRA,Men,"ÃƒÂ©pÃƒÂ©e, amateurs and masters",M,Gold
Paris,1900,Fencing,Fencing,"FONST, Ramon",CUB,Men,"ÃƒÂ©pÃƒÂ©e, amateurs and masters",M,Silver
Paris,1900,Fencing,Fencing,"LAURENT, Henri",FRA,Men,"ÃƒÂ©pÃƒÂ©e, masters",M,Bronze
Paris,1900,Fencing,Fencing,"AYAT, Albert",FRA,Men,"ÃƒÂ©pÃƒÂ©e, masters",M,Gold
Paris,1900,Fencing,Fencing,"BOUGNOL, Emile",FRA,Men,"ÃƒÂ©pÃƒÂ©e, masters",M,Silver
Paris,1900,Fencing,Fencing,"BOULENGER, Marcel Jacques",FRA,Men,"foil individual",M,Bronze
Paris,1900,Fencing,Fencing,"COSTE, Emile",FRA,Men,"foil individual",M,Gold
Paris,1900,Fencing,Fencing,"MASSON, Henri",FRA,Men,"foil individual",M,Silver
Paris,1900,Fencing,Fencing,"MIMIAGUE, Jean-Baptiste",FRA,Men,"foil, masters",M,Bronze
Paris,1900,Fencing,Fencing,"MERIGNAC, Lucien",FRA,Men,"foil, masters",M,Gold
Paris,1900,Fencing,Fencing,"KIRCHHOFFER, Alphonse",FRA,Men,"foil, masters",M,Silver
Paris,1900,Fencing,Fencing,"FLESCH, Siegfried",AUT,Men,"sabre individual",M,Bronze
Paris,1900,Fencing,Fencing,"DE LA FALAISE, Georges",FRA,Men,"sabre individual",M,Gold
Paris,1900,Fencing,Fencing,"THIEBAUT, LÃƒÂ©on",FRA,Men,"sabre individual",M,Silver
Paris,1900,Fencing,Fencing,"NERALIC, Milan",AUT,Men,"sabre, masters",M,Bronze
Paris,1900,Fencing,Fencing,"CONTE, Antonio",ITA,Men,"sabre, masters",M,Gold
Paris,1900,Fencing,Fencing,"SANTELLI, Italo",ITA,Men,"sabre, masters",M,Silver
Paris,1900,Football,Football,"DELBECQUE, Albert",BEL,Men,football,M,Bronze
Paris,1900,Football,Football,"KELECOM, R.",BEL,Men,football,M,Bronze
Paris,1900,Football,Football,"LEBOUTTE, Marcel",BEL,Men,football,M,Bronze
Paris,1900,Football,Football,LONDOT,BEL,Men,football,M,Bronze
Paris,1900,Football,Football,"MOREAU, Ernest",BEL,Men,football,M,Bronze
Paris,1900,Football,Football,"NEEFS, E.",BEL,Men,football,M,Bronze
Paris,1900,Football,Football,"PELGRIMS, Georges",BEL,Men,football,M,Bronze
Paris,1900,Football,Football,"RENIER, Alphonse",BEL,Men,football,M,Bronze
Paris,1900,Football,Football,"SPANNOGHE, E.",BEL,Men,football,M,Bronze
Paris,1900,Football,Football,"THORNTON, Erich",BEL,Men,football,M,Bronze
Paris,1900,Football,Football,"VAN HEUCKELUM",BEL,Men,football,M,Bronze
Paris,1900,Football,Football,"BUCKENHAM, Claude Percy",GBR,Men,football,M,Gold
Paris,1900,Football,Football,"BURRIDGE, T.E.",GBR,Men,football,M,Gold
Paris,1900,Football,Football,"CHALK, Alfred Ernest",GBR,Men,football,M,Gold
Paris,1900,Football,Football,"GROSLING, William Sullivan",GBR,Men,football,M,Gold
Paris,1900,Football,Football,"HASLAM, A.",GBR,Men,football,M,Gold
Paris,1900,Football,Football,"JONES, J.H.",GBR,Men,football,M,Gold
Paris,1900,Football,Football,"NICHOLAS, J.",GBR,Men,football,M,Gold
Paris,1900,Football,Football,"QUASH, William Francis",GBR,Men,football,M,Gold
Paris,1900,Football,Football,"SPACKMAN, F.G.",GBR,Men,football,M,Gold
Paris,1900,Football,Football,"TURNER, R.R.",GBR,Men,football,M,Gold
Paris,1900,Football,Football,"ZEALLEY, James Edward",GBR,Men,football,M,Gold
Paris,1900,Football,Football,"ALLEMANE, Pierre",FRA,Men,football,M,Silver
Paris,1900,Football,Football,BACH,FRA,Men,football,M,Silver
Paris,1900,Football,Football,"BLOCH, Jean",FRA,Men,football,M,Silver
Paris,1900,Football,Football,"CANELLE, Fernand",FRA,Men,football,M,Silver
Paris,1900,Football,Football,DUPARC,FRA,Men,football,M,Silver
Paris,1900,Football,Football,FRAYSSE,FRA,Men,football,M,Silver
Paris,1900,Football,Football,GAILLARD,FRA,Men,football,M,Silver
Paris,1900,Football,Football,"GARNIER, RenÃƒÂ©",FRA,Men,football,M,Silver
Paris,1900,Football,Football,GRANDJEAN,FRA,Men,football,M,Silver
Paris,1900,Football,Football,HUTEAU,FRA,Men,football,M,Silver
Paris,1900,Football,Football,LAMBERT,FRA,Men,football,M,Silver
Paris,1900,Football,Football,MACAIRE,FRA,Men,football,M,Silver
Paris,1900,Football,Football,PELTIER,FRA,Men,football,M,Silver
Paris,1900,Golf,Golf,"ROBERTSON, David Donaldson",GBR,Men,individual,M,Bronze
Paris,1900,Golf,Golf,"SANDS, Charles Edward",USA,Men,individual,M,Gold
Paris,1900,Golf,Golf,"RUTHERFORD, Walter",GBR,Men,individual,M,Silver
Paris,1900,Golf,Golf,"PRATT, Daria",USA,Women,individual,W,Bronze
Paris,1900,Golf,Golf,"ABBOTT, Margaret Ives",USA,Women,individual,W,Gold
Paris,1900,Golf,Golf,"WHITTIER, Pauline",USA,Women,individual,W,Silver
Paris,1900,Gymnastics,"Artistic G.","DEMANET, Lucien",FRA,Men,"individual all-round",M,Bronze
Paris,1900,Gymnastics,"Artistic G.","SANDRAS, Gustave",FRA,Men,"individual all-round",M,Gold
Paris,1900,Gymnastics,"Artistic G.","BAS, NoÃƒÂ«l",FRA,Men,"individual all-round",M,Silver
Paris,1900,Polo,Polo,"BOUSSOD, Jean",ZZX,Men,polo,M,Bronze
Paris,1900,Polo,Polo,"DUC DE BISACCIA, Louis",ZZX,Men,polo,M,Bronze
Paris,1900,Polo,Polo,"FAUQUET LEMAITRE, A.",ZZX,Men,polo,M,Bronze
Paris,1900,Polo,Polo,"RAOUL-DUVAL, Maurice",ZZX,Men,polo,M,Bronze
Paris,1900,Polo,Polo,"DALY, Dennis",ZZX,Men,polo,M,Gold
Paris,1900,Polo,Polo,"KEENE, Foxhall Parker",ZZX,Men,polo,M,Gold
Paris,1900,Polo,Polo,"MACKEY, Frank Jay",ZZX,Men,polo,M,Gold
Paris,1900,Polo,Polo,"RAWLINSON, Alfred",ZZX,Men,polo,M,Gold
Paris,1900,Polo,Polo,"BUCKMASTER, Walter Selby",ZZX,Men,polo,M,Silver
Paris,1900,Polo,Polo,"COMTE DE MADRE, JosÃƒÂ© Pierre M.J.",ZZX,Men,polo,M,Silver
Paris,1900,Polo,Polo,"FREAKE, Frederick Maitland",ZZX,Men,polo,M,Silver
Paris,1900,Polo,Polo,"MCCREERY, Walter Adolph",ZZX,Men,polo,M,Silver
Paris,1900,Rowing,Rowing,"BRANDT, Francois Antoine",NED,Men,"eight with coxswain (8+)",M,Bronze
Paris,1900,Rowing,Rowing,"BROCKMANN, Hermanus Gerardus",NED,Men,"eight with coxswain (8+)",M,Bronze
Paris,1900,Rowing,Rowing,"KLEIN, Roelof",NED,Men,"eight with coxswain (8+)",M,Bronze
Paris,1900,Rowing,Rowing,"LEEGSTRA, Ruud Gerbens",NED,Men,"eight with coxswain (8+)",M,Bronze
Paris,1900,Rowing,Rowing,"MIDDELBERG, Walter",NED,Men,"eight with coxswain (8+)",M,Bronze
Paris,1900,Rowing,Rowing,"OFFERHAUS, Hendrik Karel",NED,Men,"eight with coxswain (8+)",M,Bronze
Paris,1900,Rowing,Rowing,"THIJSSEN, Walter",NED,Men,"eight with coxswain (8+)",M,Bronze
Paris,1900,Rowing,Rowing,"TROMP, Henricus",NED,Men,"eight with coxswain (8+)",M,Bronze
Paris,1900,Rowing,Rowing,"VAN DIJK, Johannes Wilhelmus Maria",NED,Men,"eight with coxswain (8+)",M,Bronze
Paris,1900,Rowing,Rowing,"ABELL, Louis",USA,Men,"eight with coxswain (8+)",M,Gold
Paris,1900,Rowing,Rowing,"CARR, William",USA,Men,"eight with coxswain (8+)",M,Gold
Paris,1900,Rowing,Rowing,"DEBAECKE, Harry",USA,Men,"eight with coxswain (8+)",M,Gold
Paris,1900,Rowing,Rowing,"EXLEY, John",USA,Men,"eight with coxswain (8+)",M,Gold
Paris,1900,Rowing,Rowing,"GEIGER, John",USA,Men,"eight with coxswain (8+)",M,Gold
Paris,1900,Rowing,Rowing,"HEDLEY, Edward",USA,Men,"eight with coxswain (8+)",M,Gold
Paris,1900,Rowing,Rowing,"JUVENAL, James",USA,Men,"eight with coxswain (8+)",M,Gold
Paris,1900,Rowing,Rowing,"LOCKWOOD, Roscoe",USA,Men,"eight with coxswain (8+)",M,Gold
Paris,1900,Rowing,Rowing,"MARSH, Edward",USA,Men,"eight with coxswain (8+)",M,Gold
Paris,1900,Rowing,Rowing,"BRUGGEMAN, ProspÃƒÂ¨re",BEL,Men,"eight with coxswain (8+)",M,Silver
Paris,1900,Rowing,Rowing,"DE BISSCHOP, Jules",BEL,Men,"eight with coxswain (8+)",M,Silver
Paris,1900,Rowing,Rowing,"DE COCK, Oscar",BEL,Men,"eight with coxswain (8+)",M,Silver
Paris,1900,Rowing,Rowing,"DE SOMVILLE, Oscar Charles",BEL,Men,"eight with coxswain (8+)",M,Silver
Paris,1900,Rowing,Rowing,"HEMELSOET, Maurice",BEL,Men,"eight with coxswain (8+)",M,Silver
Paris,1900,Rowing,Rowing,"ODBERG, Frank",BEL,Men,"eight with coxswain (8+)",M,Silver
Paris,1900,Rowing,Rowing,"VAN CROMBRUGGHE, Marcel Lucien",BEL,Men,"eight with coxswain (8+)",M,Silver
Paris,1900,Rowing,Rowing,"VAN LANDEGHEM, Alfred",BEL,Men,"eight with coxswain (8+)",M,Silver
Paris,1900,Rowing,Rowing,"VERDONCK, Maurice",BEL,Men,"eight with coxswain (8+)",M,Silver
Paris,1900,Rowing,Rowing,"CARSTENS, Wilhelm",GER,Men,"four-oared shell with coxswain (4-)",M,Bronze
Paris,1900,Rowing,Rowing,"FELLE, Ernst",GER,Men,"four-oared shell with coxswain (4-)",M,Bronze
Paris,1900,Rowing,Rowing,"FICKEISEN, Otto",GER,Men,"four-oared shell with coxswain (4-)",M,Bronze
Paris,1900,Rowing,Rowing,"KÃƒâ€“RNER, Julius",GER,Men,"four-oared shell with coxswain (4-)",M,Bronze
Paris,1900,Rowing,Rowing,"KRÃƒâ€“WERATH, Franz",GER,Men,"four-oared shell with coxswain (4-)",M,Bronze
Paris,1900,Rowing,Rowing,"LEHLE, Carl",GER,Men,"four-oared shell with coxswain (4-)",M,Bronze
Paris,1900,Rowing,Rowing,"MÃƒâ€“LLER, Adolf",GER,Men,"four-oared shell with coxswain (4-)",M,Bronze
Paris,1900,Rowing,Rowing,"MOTHS, Gustav Adolf",GER,Men,"four-oared shell with coxswain (4-)",M,Bronze
Paris,1900,Rowing,Rowing,"RÃƒÅ“STER, Hugo",GER,Men,"four-oared shell with coxswain (4-)",M,Bronze
Paris,1900,Rowing,Rowing,"WILKER, Hermann",GER,Men,"four-oared shell with coxswain (4-)",M,Bronze
Paris,1900,Rowing,Rowing,"BOUCKAERT, Henri",FRA,Men,"four-oared shell with coxswain (4-)",M,Gold
Paris,1900,Rowing,Rowing,"CAU, Jean",FRA,Men,"four-oared shell with coxswain (4-)",M,Gold
Paris,1900,Rowing,Rowing,CHARLOT,FRA,Men,"four-oared shell with coxswain (4-)",M,Gold
Paris,1900,Rowing,Rowing,"DELCHAMBRE, Emile",FRA,Men,"four-oared shell with coxswain (4-)",M,Gold
Paris,1900,Rowing,Rowing,"GOSSLER, Carl Heinrich",GER,Men,"four-oared shell with coxswain (4-)",M,Gold
Paris,1900,Rowing,Rowing,"GOSSLER, Gustav Ludwig",GER,Men,"four-oared shell with coxswain (4-)",M,Gold
Paris,1900,Rowing,Rowing,"GOSSLER, Oscar",GER,Men,"four-oared shell with coxswain (4-)",M,Gold
Paris,1900,Rowing,Rowing,"HAZEBROUCK, Henri",FRA,Men,"four-oared shell with coxswain (4-)",M,Gold
Paris,1900,Rowing,Rowing,"KATZENSTEIN, Walther",GER,Men,"four-oared shell with coxswain (4-)",M,Gold
Paris,1900,Rowing,Rowing,"TIETGENS, Waldemar",GER,Men,"four-oared shell with coxswain (4-)",M,Gold
Paris,1900,Rowing,Rowing,"BROCKMANN, Hermanus Gerardus",NED,Men,"four-oared shell with coxswain (4-)",M,Silver
Paris,1900,Rowing,Rowing,"HIEBENDAAI, Coenraad Christiaan",NED,Men,"four-oared shell with coxswain (4-)",M,Silver
Paris,1900,Rowing,Rowing,"LOTSY, Gerhard Oswald",NED,Men,"four-oared shell with coxswain (4-)",M,Silver
Paris,1900,Rowing,Rowing,"LOTSY, Paulus Jan",NED,Men,"four-oared shell with coxswain (4-)",M,Silver
Paris,1900,Rowing,Rowing,"LUMPP, Georges",FRA,Men,"four-oared shell with coxswain (4-)",M,Silver
Paris,1900,Rowing,Rowing,"PERRIN, Charles",FRA,Men,"four-oared shell with coxswain (4-)",M,Silver
Paris,1900,Rowing,Rowing,"SOUBEYRAN, Daniel",FRA,Men,"four-oared shell with coxswain (4-)",M,Silver
Paris,1900,Rowing,Rowing,"TERWOGT, Johannes Hester Lambertus",NED,Men,"four-oared shell with coxswain (4-)",M,Silver
Paris,1900,Rowing,Rowing,"WEGELIN, Emile",FRA,Men,"four-oared shell with coxswain (4-)",M,Silver
Paris,1900,Rowing,Rowing,"DELTOUR, Carlos",FRA,Men,"pair-oared shell with coxswain (2+)",M,Bronze
Paris,1900,Rowing,Rowing,"PAOLI, Raoul",FRA,Men,"pair-oared shell with coxswain (2+)",M,Bronze
Paris,1900,Rowing,Rowing,"VEDRENNE, Antoine Erneste",FRA,Men,"pair-oared shell with coxswain (2+)",M,Bronze
Paris,1900,Rowing,Rowing,"BRANDT, Francois Antoine",ZZX,Men,"pair-oared shell with coxswain (2+)",M,Gold
Paris,1900,Rowing,Rowing,"BROCKMANN, Hermanus Gerardus",ZZX,Men,"pair-oared shell with coxswain (2+)",M,Gold
Paris,1900,Rowing,Rowing,"KLEIN, Roelof",ZZX,Men,"pair-oared shell with coxswain (2+)",M,Gold
Paris,1900,Rowing,Rowing,"MARTINET, Louis",FRA,Men,"pair-oared shell with coxswain (2+)",M,Silver
Paris,1900,Rowing,Rowing,"UNKNOWN COX / BARREUR INCONNU",FRA,Men,"pair-oared shell with coxswain (2+)",M,Silver
Paris,1900,Rowing,Rowing,WALEFF,FRA,Men,"pair-oared shell with coxswain (2+)",M,Silver
Paris,1900,Rowing,Rowing,"ASHE, Saint-George",GBR,Men,"single sculls (1x)",M,Bronze
Paris,1900,Rowing,Rowing,"BARRELET, Henri",FRA,Men,"single sculls (1x)",M,Gold
Paris,1900,Rowing,Rowing,"GAUDIN, AndrÃƒÂ©",FRA,Men,"single sculls (1x)",M,Silver
Paris,1900,Rugby,Rugby,"AITOFF, Vladimir",FRA,Men,rugby,M,Gold
Paris,1900,Rugby,Rugby,"ALBERT, A.",FRA,Men,rugby,M,Gold
Paris,1900,Rugby,Rugby,"BINOCHE, Jean, LÃƒÆ’Ã‚Â©on",FRA,Men,rugby,M,Gold
Paris,1900,Rugby,Rugby,"COLLAS, Jean",FRA,Men,rugby,M,Gold
Paris,1900,Rugby,Rugby,"GAUTIER, Jean Guy",FRA,Men,rugby,M,Gold
Paris,1900,Rugby,Rugby,"GIROUX, Auguste",FRA,Men,rugby,M,Gold
Paris,1900,Rugby,Rugby,"GONDOUIN, Charles",FRA,Men,rugby,M,Gold
Paris,1900,Rugby,Rugby,"HENRIQUEZ DE ZUBIERRA, Constantin",FRA,Men,rugby,M,Gold
Paris,1900,Rugby,Rugby,"HERVE, Jean",FRA,Men,rugby,M,Gold
Paris,1900,Rugby,Rugby,"LARDANCHET, Victor",FRA,Men,rugby,M,Gold
Paris,1900,Rugby,Rugby,"LEFEBVRE, Hubert",FRA,Men,rugby,M,Gold
Paris,1900,Rugby,Rugby,"OLIVIER, Joseph",FRA,Men,rugby,M,Gold
Paris,1900,Rugby,Rugby,"PHARAMOND, Alexandre",FRA,Men,rugby,M,Gold
Paris,1900,Rugby,Rugby,"REICHEL, Frantz",FRA,Men,rugby,M,Gold
Paris,1900,Rugby,Rugby,"RISCHMANN, AndrÃƒÂ©",FRA,Men,rugby,M,Gold
Paris,1900,Rugby,Rugby,"ROOSEVELT, Albert",FRA,Men,rugby,M,Gold
Paris,1900,Rugby,Rugby,"SARRADE, Emile",FRA,Men,rugby,M,Gold
Paris,1900,Rugby,Rugby,"AMRHEIN, Albert",GER,Men,rugby,M,Silver
Paris,1900,Rugby,Rugby,"BAYLISS, F.C.",GBR,Men,rugby,M,Silver
Paris,1900,Rugby,Rugby,"BETTING, Hugo",GER,Men,rugby,M,Silver
Paris,1900,Rugby,Rugby,"BIRTLES, J.Henry",GBR,Men,rugby,M,Silver
Paris,1900,Rugby,Rugby,"CAUTLON, J.",GBR,Men,rugby,M,Silver
Paris,1900,Rugby,Rugby,"DARBY, Artur John",GBR,Men,rugby,M,Silver
Paris,1900,Rugby,Rugby,"DEYKIN, C.P.",GBR,Men,rugby,M,Silver
Paris,1900,Rugby,Rugby,"HERRMANN, Jacob",GER,Men,rugby,M,Silver
Paris,1900,Rugby,Rugby,"HOFMEISTER, Willy",GER,Men,rugby,M,Silver
Paris,1900,Rugby,Rugby,"HOOD, L.",GBR,Men,rugby,M,Silver
Paris,1900,Rugby,Rugby,"KREUZER, Hermann",GER,Men,rugby,M,Silver
Paris,1900,Rugby,Rugby,"LANDVOIGT, Arnold",GER,Men,rugby,M,Silver
Paris,1900,Rugby,Rugby,"LATSCHA, Hans",GER,Men,rugby,M,Silver
Paris,1900,Rugby,Rugby,"LOGAN, M.L.",GBR,Men,rugby,M,Silver
Paris,1900,Rugby,Rugby,"LOVEITT, H.A.",GBR,Men,rugby,M,Silver
Paris,1900,Rugby,Rugby,"LUDWIG, Erich",GER,Men,rugby,M,Silver
Paris,1900,Rugby,Rugby,"LUDWIG, Richard",GER,Men,rugby,M,Silver
Paris,1900,Rugby,Rugby,"MÃƒÅ“LLER, Fritz",GER,Men,rugby,M,Silver
Paris,1900,Rugby,Rugby,"NICOL, N.S.",GBR,Men,rugby,M,Silver
Paris,1900,Rugby,Rugby,"POPPE, Eduard",GER,Men,rugby,M,Silver
Paris,1900,Rugby,Rugby,"REITZ, Heinrich",GER,Men,rugby,M,Silver
Paris,1900,Rugby,Rugby,"SCHMIERER, August",GER,Men,rugby,M,Silver
Paris,1900,Rugby,Rugby,"SMITH, V.",GBR,Men,rugby,M,Silver
Paris,1900,Rugby,Rugby,"STOCKHAUSEN, Adolf",GER,Men,rugby,M,Silver
Paris,1900,Rugby,Rugby,"TALBOT, M.W.",GBR,Men,rugby,M,Silver
Paris,1900,Rugby,Rugby,"WALLIS, J.G.",GBR,Men,rugby,M,Silver
Paris,1900,Rugby,Rugby,"WENDEROTH, Georg",GER,Men,rugby,M,Silver
Paris,1900,Rugby,Rugby,"WHITTINDALE, Claud",GBR,Men,rugby,M,Silver
Paris,1900,Rugby,Rugby,"WHITTINDALE, Raymond",GBR,Men,rugby,M,Silver
Paris,1900,Rugby,Rugby,"WILSON, Francis Henry",GBR,Men,rugby,M,Silver
Paris,1900,Sailing,Sailing,"MICHELET, E.",FRA,Men,0.5-1t,X,Bronze
Paris,1900,Sailing,Sailing,"MICHELET, F.",FRA,Men,0.5-1t,X,Bronze
Paris,1900,Sailing,Sailing,"GRETTON, John H.",GBR,Men,0.5-1t,X,Gold
Paris,1900,Sailing,Sailing,"HOPE, Linton",GBR,Men,0.5-1t,X,Gold
Paris,1900,Sailing,Sailing,"LORD CURRIE, Lorne Campbell",GBR,Men,0.5-1t,X,Gold
Paris,1900,Sailing,Sailing,"BAUDRIER, Jacques",FRA,Men,0.5-1t,X,Silver
Paris,1900,Sailing,Sailing,"LEBRET, Jean",FRA,Men,0.5-1t,X,Silver
Paris,1900,Sailing,Sailing,MARCOTTE,FRA,Men,0.5-1t,X,Silver
Paris,1900,Sailing,Sailing,"MARTIN, William",FRA,Men,0.5-1t,X,Silver
Paris,1900,Sailing,Sailing,VALTON,FRA,Men,0.5-1t,X,Silver
Paris,1900,Sailing,Sailing,"HORE, Edward",GBR,Men,10-20t,X,Bronze
Paris,1900,Sailing,Sailing,"BILLARD, Emile",FRA,Men,10-20t,X,Gold
Paris,1900,Sailing,Sailing,"PERQUER, P.",FRA,Men,10-20t,X,Gold
Paris,1900,Sailing,Sailing,"LE DUC DECAZES, Jean",FRA,Men,10-20t,X,Silver
Paris,1900,Sailing,Sailing,"MACHENRY, M.",USA,Men,3-10t,X,Bronze
Paris,1900,Sailing,Sailing,"TAYLOR, Howard",GBR,Men,3-10t,X,Gold
Paris,1900,Sailing,Sailing,"GUFFLET, Maurice",FRA,Men,3-10t,X,Silver
Paris,1900,Sailing,Sailing,"MICHELET, E.",FRA,Men,"open class",X,Bronze
Paris,1900,Sailing,Sailing,"MICHELET, F.",FRA,Men,"open class",X,Bronze
Paris,1900,Sailing,Sailing,"GRETTON, John H.",GBR,Men,"open class",X,Gold
Paris,1900,Sailing,Sailing,"HOPE, Linton",GBR,Men,"open class",X,Gold
Paris,1900,Sailing,Sailing,"LORD CURRIE, Lorne Campbell",GBR,Men,"open class",X,Gold
Paris,1900,Sailing,Sailing,"NAUE, Georg",GER,Men,"open class",X,Silver
Paris,1900,Sailing,Sailing,"PETERS, Heinrich",GER,Men,"open class",X,Silver
Paris,1900,Sailing,Sailing,"WEISE, Ottokar",GER,Men,"open class",X,Silver
Paris,1900,Sailing,Sailing,"WIESNER, Martin",GER,Men,"open class",X,Silver
Paris,1900,Shooting,Shooting,"BALME, EugÃƒÂ¨ne",FRA,Men,"25m rapid fire pistol (60 shots)",M,Bronze
Paris,1900,Shooting,Shooting,"LARROUY, Maurice",FRA,Men,"25m rapid fire pistol (60 shots)",M,Gold
Paris,1900,Shooting,Shooting,"MOREAUX, LÃƒÂ©on",FRA,Men,"25m rapid fire pistol (60 shots)",M,Silver
Paris,1900,Shooting,Shooting,"BOUWENS, Antonius",NED,Men,"50m army pistol, team",M,Bronze
Paris,1900,Shooting,Shooting,"SILLEM, Henrik",NED,Men,"50m army pistol, team",M,Bronze
Paris,1900,Shooting,Shooting,"SWEYS, Anthony Ahasuerus",NED,Men,"50m army pistol, team",M,Bronze
Paris,1900,Shooting,Shooting,"VAN DEN BERGH, Solko Johannes",NED,Men,"50m army pistol, team",M,Bronze
Paris,1900,Shooting,Shooting,"VAN HAAN, Gerardus",NED,Men,"50m army pistol, team",M,Bronze
Paris,1900,Shooting,Shooting,"LÃƒÅ“THI, Friedrich",SUI,Men,"50m army pistol, team",M,Gold
Paris,1900,Shooting,Shooting,"PROBST, Paul",SUI,Men,"50m army pistol, team",M,Gold
Paris,1900,Shooting,Shooting,"RICHARDET, Louis-Marc",SUI,Men,"50m army pistol, team",M,Gold
Paris,1900,Shooting,Shooting,"RÃƒâ€“DERER, Karl Konrad",SUI,Men,"50m army pistol, team",M,Gold
Paris,1900,Shooting,Shooting,"STÃƒâ€žHELI, Konrad",SUI,Men,"50m army pistol, team",M,Gold
Paris,1900,Shooting,Shooting,"DUFFOY, Louis",FRA,Men,"50m army pistol, team",M,Silver
Paris,1900,Shooting,Shooting,"LECOQ, Maurice",FRA,Men,"50m army pistol, team",M,Silver
Paris,1900,Shooting,Shooting,"MOREAUX, LÃƒÂ©on",FRA,Men,"50m army pistol, team",M,Silver
Paris,1900,Shooting,Shooting,"PAROCHE, Achille",FRA,Men,"50m army pistol, team",M,Silver
Paris,1900,Shooting,Shooting,TRINITE,FRA,Men,"50m army pistol, team",M,Silver
Paris,1900,Shooting,Shooting,"STÃƒâ€žHELI, Konrad",SUI,Men,"50m pistol (60 shots)",M,Bronze
Paris,1900,Shooting,Shooting,"RÃƒâ€“DERER, Karl Konrad",SUI,Men,"50m pistol (60 shots)",M,Gold
Paris,1900,Shooting,Shooting,"PAROCHE, Achille",FRA,Men,"50m pistol (60 shots)",M,Silver
Paris,1900,Shooting,Shooting,"Ãƒâ€“STMO, Ole",NOR,Men,"army rifle, 300m, 3 positions",M,Bronze
Paris,1900,Shooting,Shooting,"VAN ASBROECK, Paul",BEL,Men,"army rifle, 300m, 3 positions",M,Bronze
Paris,1900,Shooting,Shooting,"KELLENBERGER, Emil",SUI,Men,"army rifle, 300m, 3 positions",M,Gold
Paris,1900,Shooting,Shooting,"NIELSEN, Anders Peter",DEN,Men,"army rifle, 300m, 3 positions",M,Silver
Paris,1900,Shooting,Shooting,"STÃƒâ€žHELI, Konrad",SUI,Men,"army rifle, 300m, kneeling",M,Gold
Paris,1900,Shooting,Shooting,"KELLENBERGER, Emil",SUI,Men,"army rifle, 300m, kneeling",M,Silver
Paris,1900,Shooting,Shooting,"NIELSEN, Anders Peter",DEN,Men,"army rifle, 300m, kneeling",M,Silver
Paris,1900,Shooting,Shooting,"Ãƒâ€“STMO, Ole",NOR,Men,"army rifle, 300m, prone",M,Bronze
Paris,1900,Shooting,Shooting,"PAROCHE, Achille",FRA,Men,"army rifle, 300m, prone",M,Gold
Paris,1900,Shooting,Shooting,"NIELSEN, Anders Peter",DEN,Men,"army rifle, 300m, prone",M,Silver
Paris,1900,Shooting,Shooting,"PAUMIER DU VERGIER, Charles",BEL,Men,"army rifle, 300m, standing",M,Bronze
Paris,1900,Shooting,Shooting,"MADSEN, Lars JÃƒÂ¶rgen",DEN,Men,"army rifle, 300m, standing",M,Gold
Paris,1900,Shooting,Shooting,"Ãƒâ€“STMO, Ole",NOR,Men,"army rifle, 300m, standing",M,Silver
Paris,1900,Shooting,Shooting,"CAVADINI, Auguste",FRA,Men,"free rifle, team",M,Bronze
Paris,1900,Shooting,Shooting,"LECOQ, Maurice",FRA,Men,"free rifle, team",M,Bronze
Paris,1900,Shooting,Shooting,"MOREAUX, LÃƒÂ©on",FRA,Men,"free rifle, team",M,Bronze
Paris,1900,Shooting,Shooting,"PAROCHE, Achille",FRA,Men,"free rifle, team",M,Bronze
Paris,1900,Shooting,Shooting,"THOMAS, RenÃƒÂ©",FRA,Men,"free rifle, team",M,Bronze
Paris,1900,Shooting,Shooting,"BÃƒâ€“CKLI, Franz",SUI,Men,"free rifle, team",M,Gold
Paris,1900,Shooting,Shooting,"GRÃƒÅ“TER, Alfred",SUI,Men,"free rifle, team",M,Gold
Paris,1900,Shooting,Shooting,"KELLENBERGER, Emil",SUI,Men,"free rifle, team",M,Gold
Paris,1900,Shooting,Shooting,"RICHARDET, Louis-Marc",SUI,Men,"free rifle, team",M,Gold
Paris,1900,Shooting,Shooting,"STÃƒâ€žHELI, Konrad",SUI,Men,"free rifle, team",M,Gold
Paris,1900,Shooting,Shooting,"FRYDENLUND, Olaf Emil",NOR,Men,"free rifle, team",M,Silver
Paris,1900,Shooting,Shooting,"HERMANDSEN, Hellmer",NOR,Men,"free rifle, team",M,Silver
Paris,1900,Shooting,Shooting,"Ãƒâ€“STMO, Ole",NOR,Men,"free rifle, team",M,Silver
Paris,1900,Shooting,Shooting,"SAETHER, Ole Andreas",NOR,Men,"free rifle, team",M,Silver
Paris,1900,Shooting,Shooting,"SEEBERG, Tom",NOR,Men,"free rifle, team",M,Silver
Paris,1900,Shooting,Shooting,"DE CLARY, Justinien",FRA,Men,"trap (125 targets)",M,Bronze
Paris,1900,Shooting,Shooting,"DE BARBARIN, Roger",FRA,Men,"trap (125 targets)",M,Gold
Paris,1900,Shooting,Shooting,"GUYOT, RenÃƒÂ©",FRA,Men,"trap (125 targets)",M,Silver
Paris,1900,Tennis,Tennis,"DE LA CHAPELLE, Georges",FRA,Men,doubles,M,Bronze
Paris,1900,Tennis,Tennis,"MAHONY, Harold Sergerson",GBR,Men,doubles,M,Bronze
Paris,1900,Tennis,Tennis,"NORRIS, Arthur B.J.",GBR,Men,doubles,M,Bronze
Paris,1900,Tennis,Tennis,"PREVOST, AndrÃƒÂ©",FRA,Men,doubles,M,Bronze
Paris,1900,Tennis,Tennis,"DOHERTY, Hugh Lawrence",GBR,Men,doubles,M,Gold
Paris,1900,Tennis,Tennis,"DOHERTY, Reginald Frank",GBR,Men,doubles,M,Gold
Paris,1900,Tennis,Tennis,"DE GARMENDIA, Basil Spalding",ZZX,Men,doubles,M,Silver
Paris,1900,Tennis,Tennis,"DECUGIS, Max",ZZX,Men,doubles,M,Silver
Paris,1900,Tennis,Tennis,"DOHERTY, Hugh Lawrence",ZZX,Men,"mixed doubles",X,Bronze
Paris,1900,Tennis,Tennis,"WARDEN, Archibald A.",ZZX,Men,"mixed doubles",X,Bronze
Paris,1900,Tennis,Tennis,"DOHERTY, Reginald Frank",GBR,Men,"mixed doubles",X,Gold
Paris,1900,Tennis,Tennis,"MAHONY, Harold Sergerson",ZZX,Men,"mixed doubles",X,Silver
Paris,1900,Tennis,Tennis,"JONES, Marion",ZZX,Women,"mixed doubles",X,Bronze
Paris,1900,Tennis,Tennis,"ROSENBAUM, Hedwig",ZZX,Women,"mixed doubles",X,Bronze
Paris,1900,Tennis,Tennis,"COOPER, Charlotte",GBR,Women,"mixed doubles",X,Gold
Paris,1900,Tennis,Tennis,"PREVOST, HÃƒÂ©lÃƒÂ¨ne",ZZX,Women,"mixed doubles",X,Silver
Paris,1900,Tennis,Tennis,"DOHERTY, Reginald Frank",GBR,Men,singles,M,Bronze
Paris,1900,Tennis,Tennis,"NORRIS, Arthur B.J.",GBR,Men,singles,M,Bronze
Paris,1900,Tennis,Tennis,"DOHERTY, Hugh Lawrence",GBR,Men,singles,M,Gold
Paris,1900,Tennis,Tennis,"MAHONY, Harold Sergerson",GBR,Men,singles,M,Silver
Paris,1900,Tennis,Tennis,"JONES, Marion",USA,Women,singles,W,Bronze
Paris,1900,Tennis,Tennis,"ROSENBAUM, Hedwig",BOH,Women,singles,W,Bronze
Paris,1900,Tennis,Tennis,"COOPER, Charlotte",GBR,Women,singles,W,Gold
Paris,1900,Tennis,Tennis,"PREVOST, HÃƒÂ©lÃƒÂ¨ne",FRA,Women,singles,W,Silver
Paris,1900,"Tug of War","Tug of War","AABYE, Edgar",ZZX,Men,"tug of war",M,Gold
Paris,1900,"Tug of War","Tug of War","NILSSON, August",ZZX,Men,"tug of war",M,Gold
Paris,1900,"Tug of War","Tug of War","SCHMIDT, Eugen",ZZX,Men,"tug of war",M,Gold
Paris,1900,"Tug of War","Tug of War","SÃƒâ€“DERSTRÃƒâ€“M, Gustaf",ZZX,Men,"tug of war",M,Gold
Paris,1900,"Tug of War","Tug of War","STAAF, Karl Gustav",ZZX,Men,"tug of war",M,Gold
Paris,1900,"Tug of War","Tug of War","WINCKLER, Charles",ZZX,Men,"tug of war",M,Gold
Paris,1900,"Tug of War","Tug of War","BASSET, Pierre",FRA,Men,"tug of war",M,Silver
Paris,1900,"Tug of War","Tug of War","COLLAS, Jean",FRA,Men,"tug of war",M,Silver
Paris,1900,"Tug of War","Tug of War","GONDOUIN, Charles",FRA,Men,"tug of war",M,Silver
Paris,1900,"Tug of War","Tug of War","HENRIQUEZ DE ZUBIERRA, Constantin",FRA,Men,"tug of war",M,Silver
Paris,1900,"Tug of War","Tug of War","ROFFO, Joseph",FRA,Men,"tug of war",M,Silver
Paris,1900,"Tug of War","Tug of War","SARRADE, Emile",FRA,Men,"tug of war",M,Silver
"St Louis",1904,Aquatics,Diving,"BRAUNSCHWEIGER, Alfred",GER,Men,"10m platform",M,Bronze
"St Louis",1904,Aquatics,Diving,"KEHOE, Frank",USA,Men,"10m platform",M,Bronze
"St Louis",1904,Aquatics,Diving,"SHELDON, George",USA,Men,"10m platform",M,Gold
"St Louis",1904,Aquatics,Diving,"HOFFMANN, Georg",GER,Men,"10m platform",M,Silver
"St Louis",1904,Aquatics,Diving,"GOODWIN, Leo Budd",USA,Men,"plunge for distance",M,Bronze
"St Louis",1904,Aquatics,Diving,"DICKEY, William Paul",USA,Men,"plunge for distance",M,Gold
"St Louis",1904,Aquatics,Diving,"ADAMS, Edgar H.",USA,Men,"plunge for distance",M,Silver
"St Louis",1904,Aquatics,Swimming,"ZACHARIAS, Georg",GER,Men,"100m backstroke",M,Bronze
"St Louis",1904,Aquatics,Swimming,"BRACK, Walter",GER,Men,"100m backstroke",M,Gold
"St Louis",1904,Aquatics,Swimming,"HOFFMANN, Georg",GER,Men,"100m backstroke",M,Silver
"St Louis",1904,Aquatics,Swimming,"LEARY, J. Scott",USA,Men,"100m freestyle",M,Bronze
"St Louis",1904,Aquatics,Swimming,"HALMAY, Zoltan",HUN,Men,"100m freestyle",M,Gold
"St Louis",1904,Aquatics,Swimming,"DANIELS, Charles",USA,Men,"100m freestyle",M,Silver
"St Louis",1904,Aquatics,Swimming,"GAILEY, Francis",USA,Men,"1500m freestyle",M,Bronze
"St Louis",1904,Aquatics,Swimming,"RAUSCH, Emil",GER,Men,"1500m freestyle",M,Gold
"St Louis",1904,Aquatics,Swimming,"KISS, Geza",HUN,Men,"1500m freestyle",M,Silver
"St Louis",1904,Aquatics,Swimming,"RAUSCH, Emil",GER,Men,"200m freestyle",M,Bronze
"St Louis",1904,Aquatics,Swimming,"DANIELS, Charles",USA,Men,"200m freestyle",M,Gold
"St Louis",1904,Aquatics,Swimming,"GAILEY, Francis",USA,Men,"200m freestyle",M,Silver
"St Louis",1904,Aquatics,Swimming,"HANDY, Hehry Jamison",USA,Men,"400m breaststroke",M,Bronze
"St Louis",1904,Aquatics,Swimming,"ZACHARIAS, Georg",GER,Men,"400m breaststroke",M,Gold
"St Louis",1904,Aquatics,Swimming,"BRACK, Walter",GER,Men,"400m breaststroke",M,Silver
"St Louis",1904,Aquatics,Swimming,"WAHLE, Otto",AUT,Men,"400m freestyle",M,Bronze
"St Louis",1904,Aquatics,Swimming,"DANIELS, Charles",USA,Men,"400m freestyle",M,Gold
"St Louis",1904,Aquatics,Swimming,"GAILEY, Francis",USA,Men,"400m freestyle",M,Silver
"St Louis",1904,Aquatics,Swimming,"EVANS, Gwynne",USA,Men,"4x50y freestyle relay",M,Bronze
"St Louis",1904,Aquatics,Swimming,"ORTHWEIN, William Robert",USA,Men,"4x50y freestyle relay",M,Bronze
"St Louis",1904,Aquatics,Swimming,"REYBURN, Amadee",USA,Men,"4x50y freestyle relay",M,Bronze
"St Louis",1904,Aquatics,Swimming,"SCHWARTZ, Marquard",USA,Men,"4x50y freestyle relay",M,Bronze
"St Louis",1904,Aquatics,Swimming,"DANIELS, Charles",USA,Men,"4x50y freestyle relay",M,Gold
"St Louis",1904,Aquatics,Swimming,"GOODWIN, Leo Budd",USA,Men,"4x50y freestyle relay",M,Gold
"St Louis",1904,Aquatics,Swimming,"HANDLEY, Louis De Breda",USA,Men,"4x50y freestyle relay",M,Gold
"St Louis",1904,Aquatics,Swimming,"RUDDY, Joseph A.",USA,Men,"4x50y freestyle relay",M,Gold
"St Louis",1904,Aquatics,Swimming,"GOETZ, Hugo",USA,Men,"4x50y freestyle relay",M,Silver
"St Louis",1904,Aquatics,Swimming,"HAMMOND, David",USA,Men,"4x50y freestyle relay",M,Silver
"St Louis",1904,Aquatics,Swimming,"THORNE, Raymond",USA,Men,"4x50y freestyle relay",M,Silver
"St Louis",1904,Aquatics,Swimming,"TUTTLE, William",USA,Men,"4x50y freestyle relay",M,Silver
"St Louis",1904,Aquatics,Swimming,"DANIELS, Charles",USA,Men,"50y freestyle (45.72m)",M,Bronze
"St Louis",1904,Aquatics,Swimming,"HALMAY, Zoltan",HUN,Men,"50y freestyle (45.72m)",M,Gold
"St Louis",1904,Aquatics,Swimming,"LEARY, J. Scott",USA,Men,"50y freestyle (45.72m)",M,Silver
"St Louis",1904,Aquatics,Swimming,"KISS, Geza",HUN,Men,"880y freestyle (804.66m)",M,Bronze
"St Louis",1904,Aquatics,Swimming,"RAUSCH, Emil",GER,Men,"880y freestyle (804.66m)",M,Gold
"St Louis",1904,Aquatics,Swimming,"GAILEY, Francis",USA,Men,"880y freestyle (804.66m)",M,Silver
"St Louis",1904,Archery,Archery,"THOMPSON, William Henry",USA,Men,"double american round (60y - 50y - 40y)",M,Bronze
"St Louis",1904,Archery,Archery,"BRYANT, George Philipp",USA,Men,"double american round (60y - 50y - 40y)",M,Gold
"St Louis",1904,Archery,Archery,"WILLIAMS, Robert",USA,Men,"double american round (60y - 50y - 40y)",M,Silver
"St Louis",1904,Archery,Archery,"POLLOCK, Jessie",USA,Women,"double columbia round (50y - 40y - 30y)",W,Bronze
"St Louis",1904,Archery,Archery,"HOWELL, Matilda Scott",USA,Women,"double columbia round (50y - 40y - 30y)",W,Gold
"St Louis",1904,Archery,Archery,"COOKE, Emma C.",USA,Women,"double columbia round (50y - 40y - 30y)",W,Silver
"St Louis",1904,Archery,Archery,"POLLOCK, Jessie",USA,Women,"double national round (60y - 50y)",W,Bronze
"St Louis",1904,Archery,Archery,"HOWELL, Matilda Scott",USA,Women,"double national round (60y - 50y)",W,Gold
"St Louis",1904,Archery,Archery,"COOKE, Emma C.",USA,Women,"double national round (60y - 50y)",W,Silver
"St Louis",1904,Archery,Archery,"THOMPSON, William Henry",USA,Men,"double york round (100y - 80y - 60y)",M,Bronze
"St Louis",1904,Archery,Archery,"BRYANT, George Philipp",USA,Men,"double york round (100y - 80y - 60y)",M,Gold
"St Louis",1904,Archery,Archery,"WILLIAMS, Robert",USA,Men,"double york round (100y - 80y - 60y)",M,Silver
"St Louis",1904,Archery,Archery,"BRYANT, George Philipp",USA,Men,"team round 60y",M,Bronze
"St Louis",1904,Archery,Archery,"BRYANT, Wallace",USA,Men,"team round 60y",M,Bronze
"St Louis",1904,Archery,Archery,"DALLIN, Cyrus Edwin",USA,Men,"team round 60y",M,Bronze
"St Louis",1904,Archery,Archery,"RICHARDSON, Henry Barber",USA,Men,"team round 60y",M,Bronze
"St Louis",1904,Archery,Archery,"MAXSON, Louis W.",USA,Men,"team round 60y",M,Gold
"St Louis",1904,Archery,Archery,"SPENCER, Galen Carter",USA,Men,"team round 60y",M,Gold
"St Louis",1904,Archery,Archery,"THOMPSON, William Henry",USA,Men,"team round 60y",M,Gold
"St Louis",1904,Archery,Archery,"WILLIAMS, Robert",USA,Men,"team round 60y",M,Gold
"St Louis",1904,Archery,Archery,"CLARK, William A.",USA,Men,"team round 60y",M,Silver
"St Louis",1904,Archery,Archery,"DUVALL, Samuel Harding",USA,Men,"team round 60y",M,Silver
"St Louis",1904,Archery,Archery,"HUBBARD, Charles R.",USA,Men,"team round 60y",M,Silver
"St Louis",1904,Archery,Archery,"WOODRUFF, Charles S.",USA,Men,"team round 60y",M,Silver
"St Louis",1904,Archery,Archery,"HOWELL, Matilda Scott",USA,Women,"teams FITA round",W,Gold
"St Louis",1904,Archery,Archery,"POLLOCK, Jessie",USA,Women,"teams FITA round",W,Gold
"St Louis",1904,Archery,Archery,"TAYLOR, Louise",USA,Women,"teams FITA round",W,Gold
"St Louis",1904,Archery,Archery,"WOODRUFF, Laura",USA,Women,"teams FITA round",W,Gold
"St Louis",1904,Archery,Archery,"COOKE, Emma C.",USA,Women,"teams FITA round",W,Silver
"St Louis",1904,Archery,Archery,"TAYLOR, Mabel",USA,Women,"teams FITA round",W,Silver
"St Louis",1904,Athletics,Athletics,"HOGENSON, William",USA,Men,100m,M,Bronze
"St Louis",1904,Athletics,Athletics,"HAHN, Archie",USA,Men,100m,M,Gold
"St Louis",1904,Athletics,Athletics,"CARTMELL, John Nathaniel",USA,Men,100m,M,Silver
"St Louis",1904,Athletics,Athletics,"ASHBURNER, Lesley",USA,Men,"110m hurdles",M,Bronze
"St Louis",1904,Athletics,Athletics,"SCHULE, Frederick",USA,Men,"110m hurdles",M,Gold
"St Louis",1904,Athletics,Athletics,"SHIDELER, Thaddeus",USA,Men,"110m hurdles",M,Silver
"St Louis",1904,Athletics,Athletics,"HEARN, Lacey",USA,Men,1500m,M,Bronze
"St Louis",1904,Athletics,Athletics,"LIGHTBODY, James",USA,Men,1500m,M,Gold
"St Louis",1904,Athletics,Athletics,"VERNER, William Frank",USA,Men,1500m,M,Silver
"St Louis",1904,Athletics,Athletics,"HOGENSON, William",USA,Men,200m,M,Bronze
"St Louis",1904,Athletics,Athletics,"HAHN, Archie",USA,Men,200m,M,Gold
"St Louis",1904,Athletics,Athletics,"CARTMELL, John Nathaniel",USA,Men,200m,M,Silver
"St Louis",1904,Athletics,Athletics,"POAGE, George",USA,Men,"200m hurdles",M,Bronze
"St Louis",1904,Athletics,Athletics,"HILLMAN, Harry",USA,Men,"200m hurdles",M,Gold
"St Louis",1904,Athletics,Athletics,"CASTLEMAN, Frank",USA,Men,"200m hurdles",M,Silver
"St Louis",1904,Athletics,Athletics,"NEWTON, Arthur",USA,Men,"3000m steeplechase",M,Bronze
"St Louis",1904,Athletics,Athletics,"LIGHTBODY, James",USA,Men,"3000m steeplechase",M,Gold
"St Louis",1904,Athletics,Athletics,"DALY, John",GBR,Men,"3000m steeplechase",M,Silver
"St Louis",1904,Athletics,Athletics,"GROMAN, Herman",USA,Men,400m,M,Bronze
"St Louis",1904,Athletics,Athletics,"HILLMAN, Harry",USA,Men,400m,M,Gold
"St Louis",1904,Athletics,Athletics,"WALLER, Frank",USA,Men,400m,M,Silver
"St Louis",1904,Athletics,Athletics,"POAGE, George",USA,Men,"400m hurdles",M,Bronze
"St Louis",1904,Athletics,Athletics,"HILLMAN, Harry",USA,Men,"400m hurdles",M,Gold
"St Louis",1904,Athletics,Athletics,"WALLER, Frank",USA,Men,"400m hurdles",M,Silver
"St Louis",1904,Athletics,Athletics,"MUNSON, David Curtis",USA,Men,"4miles team",M,Gold
"St Louis",1904,Athletics,Athletics,"NEWTON, Arthur",USA,Men,"4miles team",M,Gold
"St Louis",1904,Athletics,Athletics,"PILGRIM, Paul Harry",USA,Men,"4miles team",M,Gold
"St Louis",1904,Athletics,Athletics,"UNDERWOOD, George",USA,Men,"4miles team",M,Gold
"St Louis",1904,Athletics,Athletics,"VALENTINE, Howard",USA,Men,"4miles team",M,Gold
"St Louis",1904,Athletics,Athletics,"CORAY, Albert",ZZX,Men,"4miles team",M,Silver
"St Louis",1904,Athletics,Athletics,"HATCH, Sidney",ZZX,Men,"4miles team",M,Silver
"St Louis",1904,Athletics,Athletics,"HEARN, Lacey",ZZX,Men,"4miles team",M,Silver
"St Louis",1904,Athletics,Athletics,"LIGHTBODY, James",ZZX,Men,"4miles team",M,Silver
"St Louis",1904,Athletics,Athletics,"VERNER, William Frank",ZZX,Men,"4miles team",M,Silver
"St Louis",1904,Athletics,Athletics,"MITCHELL, James",USA,Men,"56lb weight throw (25.4kg)",M,Bronze
"St Louis",1904,Athletics,Athletics,"DESMARTEAU, Etienne",CAN,Men,"56lb weight throw (25.4kg)",M,Gold
"St Louis",1904,Athletics,Athletics,"FLANAGAN, John Jesus",USA,Men,"56lb weight throw (25.4kg)",M,Silver
"St Louis",1904,Athletics,Athletics,"MOULTON, Fay",USA,Men,60m,M,Bronze
"St Louis",1904,Athletics,Athletics,"HAHN, Archie",USA,Men,60m,M,Gold
"St Louis",1904,Athletics,Athletics,"HOGENSON, William",USA,Men,60m,M,Silver
"St Louis",1904,Athletics,Athletics,"BREITKREUTZ, Emil",USA,Men,800m,M,Bronze
"St Louis",1904,Athletics,Athletics,"LIGHTBODY, James",USA,Men,800m,M,Gold
"St Louis",1904,Athletics,Athletics,"VALENTINE, Howard",USA,Men,800m,M,Silver
"St Louis",1904,Athletics,Athletics,"HARE, Thomas Truxton",USA,Men,decathlon,M,Bronze
"St Louis",1904,Athletics,Athletics,"KIELY, Thomas Francis",GBR,Men,decathlon,M,Gold
"St Louis",1904,Athletics,Athletics,"GUNN, Adam",USA,Men,decathlon,M,Silver
"St Louis",1904,Athletics,Athletics,"GEORGANDAS, Nicolaos",GRE,Men,"discus throw",M,Bronze
"St Louis",1904,Athletics,Athletics,"SHERIDAN, Martin",USA,Men,"discus throw",M,Gold
"St Louis",1904,Athletics,Athletics,"ROSE, Ralph",USA,Men,"discus throw",M,Silver
"St Louis",1904,Athletics,Athletics,"ROSE, Ralph",USA,Men,"hammer throw",M,Bronze
"St Louis",1904,Athletics,Athletics,"FLANAGAN, John Jesus",USA,Men,"hammer throw",M,Gold
"St Louis",1904,Athletics,Athletics,"DEWITT, John",USA,Men,"hammer throw",M,Silver
"St Louis",1904,Athletics,Athletics,"WEINSTEIN, Paul",GER,Men,"high jump",M,Bronze
"St Louis",1904,Athletics,Athletics,"JONES, Samuel",USA,Men,"high jump",M,Gold
"St Louis",1904,Athletics,Athletics,"SERVISS, Garrett",USA,Men,"high jump",M,Silver
"St Louis",1904,Athletics,Athletics,"ROBERTSON, Lawson N.",USA,Men,"high jump, standing",M,Bronze
"St Louis",1904,Athletics,Athletics,"EWRY, Ray",USA,Men,"high jump, standing",M,Gold
"St Louis",1904,Athletics,Athletics,"STADLER, Joseph F.",USA,Men,"high jump, standing",M,Silver
"St Louis",1904,Athletics,Athletics,"STANGLAND, Robert",USA,Men,"long jump",M,Bronze
"St Louis",1904,Athletics,Athletics,"PRINSTEIN, Meyer",USA,Men,"long jump",M,Gold
"St Louis",1904,Athletics,Athletics,"FRANK, Daniel",USA,Men,"long jump",M,Silver
"St Louis",1904,Athletics,Athletics,"BILLER, John",USA,Men,"long jump, standing",M,Bronze
"St Louis",1904,Athletics,Athletics,"EWRY, Ray",USA,Men,"long jump, standing",M,Gold
"St Louis",1904,Athletics,Athletics,"KING, Charles",USA,Men,"long jump, standing",M,Silver
"St Louis",1904,Athletics,Athletics,"NEWTON, Arthur",USA,Men,marathon,M,Bronze
"St Louis",1904,Athletics,Athletics,"HICKS, Thomas",USA,Men,marathon,M,Gold
"St Louis",1904,Athletics,Athletics,"CORAY, Albert",USA,Men,marathon,M,Silver
"St Louis",1904,Athletics,Athletics,"WILKINS, Louis",USA,Men,"pole vault",M,Bronze
"St Louis",1904,Athletics,Athletics,"DVORAK, Charles",USA,Men,"pole vault",M,Gold
"St Louis",1904,Athletics,Athletics,"SAMSE, Leroy",USA,Men,"pole vault",M,Silver
"St Louis",1904,Athletics,Athletics,"FEUERBACH, Lawrence E. Joseph",USA,Men,"shot put",M,Bronze
"St Louis",1904,Athletics,Athletics,"ROSE, Ralph",USA,Men,"shot put",M,Gold
"St Louis",1904,Athletics,Athletics,"COE, William Wesley",USA,Men,"shot put",M,Silver
"St Louis",1904,Athletics,Athletics,"MERZ, William",USA,Men,"triathlon (long jump / shot put / 100 yards)",M,Bronze
"St Louis",1904,Athletics,Athletics,"EMMERICH, Max",USA,Men,"triathlon (long jump / shot put / 100 yards)",M,Gold
"St Louis",1904,Athletics,Athletics,"GRIEB, John",USA,Men,"triathlon (long jump / shot put / 100 yards)",M,Silver
"St Louis",1904,Athletics,Athletics,"STANGLAND, Robert",USA,Men,"triple jump",M,Bronze
"St Louis",1904,Athletics,Athletics,"PRINSTEIN, Meyer",USA,Men,"triple jump",M,Gold
"St Louis",1904,Athletics,Athletics,"ENGLEHARDT, Frederick",USA,Men,"triple jump",M,Silver
"St Louis",1904,Athletics,Athletics,"STADLER, Joseph F.",USA,Men,"triple jump, standing",M,Bronze
"St Louis",1904,Athletics,Athletics,"EWRY, Ray",USA,Men,"triple jump, standing",M,Gold
"St Louis",1904,Athletics,Athletics,"KING, Charles",USA,Men,"triple jump, standing",M,Silver
"St Louis",1904,Boxing,Boxing,"FINNEGAN, George",USA,Men,"- 47.63kg (flyweight)",M,Gold
"St Louis",1904,Boxing,Boxing,"BURKE, Miles",USA,Men,"- 47.63kg (flyweight)",M,Silver
"St Louis",1904,Boxing,Boxing,"MICHAELS, William",USA,Men,"+ 71.67kg (heavyweight)",M,Bronze
"St Louis",1904,Boxing,Boxing,"BERGER, Samuel",USA,Men,"+ 71.67kg (heavyweight)",M,Gold
"St Louis",1904,Boxing,Boxing,"MAYER, Charles",USA,Men,"+ 71.67kg (heavyweight)",M,Silver
"St Louis",1904,Boxing,Boxing,"KIRK, Oliver L.",USA,Men,"47.63 - 52.16kg (bantamweight)",M,Gold
"St Louis",1904,Boxing,Boxing,"FINNEGAN, George",USA,Men,"47.63 - 52.16kg (bantamweight)",M,Silver
"St Louis",1904,Boxing,Boxing,"GILMORE, Frederick",USA,Men,"52.16 - 56.7kg (featherweight)",M,Bronze
"St Louis",1904,Boxing,Boxing,"KIRK, Oliver L.",USA,Men,"52.16 - 56.7kg (featherweight)",M,Gold
"St Louis",1904,Boxing,Boxing,"HALLER, Frank",USA,Men,"52.16 - 56.7kg (featherweight)",M,Silver
"St Louis",1904,Boxing,Boxing,"VAN HORN, Russell",USA,Men,"56.7 - 61.24kg (lightweight)",M,Bronze
"St Louis",1904,Boxing,Boxing,"SPANGER, Harry J.",USA,Men,"56.7 - 61.24kg (lightweight)",M,Gold
"St Louis",1904,Boxing,Boxing,"EAGAN, James Jack",USA,Men,"56.7 - 61.24kg (lightweight)",M,Silver
"St Louis",1904,Boxing,Boxing,"EAGAN, James Jack",USA,Men,"61.24 - 65.77kg (welterweight)",M,Bronze
"St Louis",1904,Boxing,Boxing,"LYDON, Joseph",USA,Men,"61.24 - 65.77kg (welterweight)",M,Bronze
"St Louis",1904,Boxing,Boxing,"YOUNG, Albert",USA,Men,"61.24 - 65.77kg (welterweight)",M,Gold
"St Louis",1904,Boxing,Boxing,"SPANGER, Harry J.",USA,Men,"61.24 - 65.77kg (welterweight)",M,Silver
"St Louis",1904,Boxing,Boxing,"MAYER, Charles",USA,Men,"65.77 - 71.67kg (middleweight)",M,Gold
"St Louis",1904,Boxing,Boxing,"SPRADLEY, Benjamin",USA,Men,"65.77 - 71.67kg (middleweight)",M,Silver
"St Louis",1904,Cycling,"Cycling Track","BILLINGTON, Edward",USA,Men,"1 mile (1609.3m)",M,Bronze
"St Louis",1904,Cycling,"Cycling Track","HURLEY, Marcus",USA,Men,"1 mile (1609.3m)",M,Gold
"St Louis",1904,Cycling,"Cycling Track","DOWNING, Burton",USA,Men,"1 mile (1609.3m)",M,Silver
"St Louis",1904,Cycling,"Cycling Track","DOWNING, Burton",USA,Men,"1/2 mile (804.7m)",M,Bronze
"St Louis",1904,Cycling,"Cycling Track","HURLEY, Marcus",USA,Men,"1/2 mile (804.7m)",M,Gold
"St Louis",1904,Cycling,"Cycling Track","BILLINGTON, Edward",USA,Men,"1/2 mile (804.7m)",M,Silver
"St Louis",1904,Cycling,"Cycling Track","BILLINGTON, Edward",USA,Men,"1/3 mile (536.5m)",M,Bronze
"St Louis",1904,Cycling,"Cycling Track","HURLEY, Marcus",USA,Men,"1/3 mile (536.5m)",M,Gold
"St Louis",1904,Cycling,"Cycling Track","DOWNING, Burton",USA,Men,"1/3 mile (536.5m)",M,Silver
"St Louis",1904,Cycling,"Cycling Track","BILLINGTON, Edward",USA,Men,"1/4 mile (402.3m)",M,Bronze
"St Louis",1904,Cycling,"Cycling Track","HURLEY, Marcus",USA,Men,"1/4 mile (402.3m)",M,Gold
"St Louis",1904,Cycling,"Cycling Track","DOWNING, Burton",USA,Men,"1/4 mile (402.3m)",M,Silver
"St Louis",1904,Cycling,"Cycling Track","HURLEY, Marcus",USA,Men,"2 miles (3.218km)",M,Bronze
"St Louis",1904,Cycling,"Cycling Track","DOWNING, Burton",USA,Men,"2 miles (3.218km)",M,Gold
"St Louis",1904,Cycling,"Cycling Track","GOERKE, Oscar",USA,Men,"2 miles (3.218km)",M,Silver
"St Louis",1904,Cycling,"Cycling Track","WILEY, George",USA,Men,"25 miles (40.232km)",M,Bronze
"St Louis",1904,Cycling,"Cycling Track","DOWNING, Burton",USA,Men,"25 miles (40.232km)",M,Gold
"St Louis",1904,Cycling,"Cycling Track","ANDREWS, Arthur F.",USA,Men,"25 miles (40.232km)",M,Silver
"St Louis",1904,Cycling,"Cycling Track","ANDREWS, Arthur F.",USA,Men,"5 miles (8.046km)",M,Bronze
"St Louis",1904,Cycling,"Cycling Track","SCHLEE, Charles",USA,Men,"5 miles (8.046km)",M,Gold
"St Louis",1904,Cycling,"Cycling Track","WILEY, George",USA,Men,"5 miles (8.046km)",M,Silver
"St Louis",1904,Fencing,Fencing,"VAN ZO POST, Albertson",CUB,Men,"ÃƒÂ©pÃƒÂ©e individual",M,Bronze
"St Louis",1904,Fencing,Fencing,"FONST, Ramon",CUB,Men,"ÃƒÂ©pÃƒÂ©e individual",M,Gold
"St Louis",1904,Fencing,Fencing,"TATHAM, Charles",CUB,Men,"ÃƒÂ©pÃƒÂ©e individual",M,Silver
"St Louis",1904,Fencing,Fencing,"TATHAM, Charles",CUB,Men,"foil individual",M,Bronze
"St Louis",1904,Fencing,Fencing,"FONST, Ramon",CUB,Men,"foil individual",M,Gold
"St Louis",1904,Fencing,Fencing,"VAN ZO POST, Albertson",CUB,Men,"foil individual",M,Silver
"St Louis",1904,Fencing,Fencing,"DIAZ, Manuel",ZZX,Men,"foil team",M,Gold
"St Louis",1904,Fencing,Fencing,"FONST, Ramon",ZZX,Men,"foil team",M,Gold
"St Louis",1904,Fencing,Fencing,"VAN ZO POST, Albertson",ZZX,Men,"foil team",M,Gold
"St Louis",1904,Fencing,Fencing,"FOX, Arthur",USA,Men,"foil team",M,Silver
"St Louis",1904,Fencing,Fencing,"TATHAM, Charles",USA,Men,"foil team",M,Silver
"St Louis",1904,Fencing,Fencing,"TOWNSEND, Charles Fitzhugh",USA,Men,"foil team",M,Silver
"St Louis",1904,Fencing,Fencing,"VAN ZO POST, Albertson",CUB,Men,"sabre individual",M,Bronze
"St Louis",1904,Fencing,Fencing,"DIAZ, Manuel",CUB,Men,"sabre individual",M,Gold
"St Louis",1904,Fencing,Fencing,"GREBE, William",USA,Men,"sabre individual",M,Silver
"St Louis",1904,Fencing,Fencing,"GREBE, William",USA,Men,"stick, single",M,Bronze
"St Louis",1904,Fencing,Fencing,"VAN ZO POST, Albertson",CUB,Men,"stick, single",M,Gold
"St Louis",1904,Fencing,Fencing,"O'CONNOR, William Scott",USA,Men,"stick, single",M,Silver
"St Louis",1904,Football,Football,"BRADY, Joseph J.",USA,Men,football,M,Bronze
"St Louis",1904,Football,Football,"COOKE, George Edwin",USA,Men,football,M,Bronze
"St Louis",1904,Football,Football,"COOKE, Thomas J.",USA,Men,football,M,Bronze
"St Louis",1904,Football,Football,"COSTGROVE, Cormic F.",USA,Men,football,M,Bronze
"St Louis",1904,Football,Football,DIERKES,USA,Men,football,M,Bronze
"St Louis",1904,Football,Football,"DOOLING, Martin T.",USA,Men,football,M,Bronze
"St Louis",1904,Football,Football,"FROST, Frank",USA,Men,football,M,Bronze
"St Louis",1904,Football,Football,"JAMESON, Claude Stanley",USA,Men,football,M,Bronze
"St Louis",1904,Football,Football,"JAMESON, Henry Wood",USA,Men,football,M,Bronze
"St Louis",1904,Football,Football,"JOHNSON, -",USA,Men,football,M,Bronze
"St Louis",1904,Football,Football,O'CONNELL,USA,Men,football,M,Bronze
"St Louis",1904,Football,Football,"TATE, Harry",USA,Men,football,M,Bronze
"St Louis",1904,Football,Football,"BARTLIFF, Charles Albert",USA,Men,football,M,Gold
"St Louis",1904,Football,Football,"BRADY, Joseph J.",USA,Men,football,M,Gold
"St Louis",1904,Football,Football,"BRITTINGHAM, Warren G.",USA,Men,football,M,Gold
"St Louis",1904,Football,Football,"BROCKMEYER, Oscar B.",USA,Men,football,M,Gold
"St Louis",1904,Football,Football,"COOKE, George Edwin",USA,Men,football,M,Gold
"St Louis",1904,Football,Football,"COOKE, Thomas J.",USA,Men,football,M,Gold
"St Louis",1904,Football,Football,"COSTGROVE, Cormic F.",USA,Men,football,M,Gold
"St Louis",1904,Football,Football,"CUDMORE, Alexander",USA,Men,football,M,Gold
"St Louis",1904,Football,Football,DIERKES,USA,Men,football,M,Gold
"St Louis",1904,Football,Football,"DOOLING, Martin T.",USA,Men,football,M,Gold
"St Louis",1904,Football,Football,"DUCKER, George",CAN,Men,football,M,Gold
"St Louis",1904,Football,Football,"FRASER, John Alexander",CAN,Men,football,M,Gold
"St Louis",1904,Football,Football,"FROST, Frank",USA,Men,football,M,Gold
"St Louis",1904,Football,Football,"GOURLEY, John",CAN,Men,football,M,Gold
"St Louis",1904,Football,Football,"HALL, Alexander",CAN,Men,football,M,Gold
"St Louis",1904,Football,Football,"JAMESON, Claude Stanley",USA,Men,football,M,Gold
"St Louis",1904,Football,Football,"JAMESON, Henry Wood",USA,Men,football,M,Gold
"St Louis",1904,Football,Football,"JANUARY, Charles James",USA,Men,football,M,Gold
"St Louis",1904,Football,Football,"JANUARY, John Hartnett",USA,Men,football,M,Gold
"St Louis",1904,Football,Football,"JANUARY, Thomas Thurston",USA,Men,football,M,Gold
"St Louis",1904,Football,Football,"JOHNSON, -",USA,Men,football,M,Gold
"St Louis",1904,Football,Football,"JOHNSON, Albert",CAN,Men,football,M,Gold
"St Louis",1904,Football,Football,"LANE, Robert",CAN,Men,football,M,Gold
"St Louis",1904,Football,Football,"LAWLER, Raymond E.",USA,Men,football,M,Gold
"St Louis",1904,Football,Football,"LINTON, Ernest",CAN,Men,football,M,Gold
"St Louis",1904,Football,Football,"LYDON, Joseph",USA,Men,football,M,Gold
"St Louis",1904,Football,Football,"MACDONALD, Gordon",CAN,Men,football,M,Gold
"St Louis",1904,Football,Football,"MENGES, Louis John",USA,Men,football,M,Gold
"St Louis",1904,Football,Football,O'CONNELL,USA,Men,football,M,Gold
"St Louis",1904,Football,Football,"RATICAN, Peter Joseph",USA,Men,football,M,Gold
"St Louis",1904,Football,Football,"STEEP, Frederick",CAN,Men,football,M,Gold
"St Louis",1904,Football,Football,"TATE, Harry",USA,Men,football,M,Gold
"St Louis",1904,Football,Football,"TAYLOR, Thomas",CAN,Men,football,M,Gold
"St Louis",1904,Football,Football,"TWAITS, William",CAN,Men,football,M,Gold
"St Louis",1904,Football,Football,"BARTLIFF, Charles Albert",USA,Men,football,M,Silver
"St Louis",1904,Football,Football,"BRITTINGHAM, Warren G.",USA,Men,football,M,Silver
"St Louis",1904,Football,Football,"BROCKMEYER, Oscar B.",USA,Men,football,M,Silver
"St Louis",1904,Football,Football,"CUDMORE, Alexander",USA,Men,football,M,Silver
"St Louis",1904,Football,Football,"JANUARY, Charles James",USA,Men,football,M,Silver
"St Louis",1904,Football,Football,"JANUARY, John Hartnett",USA,Men,football,M,Silver
"St Louis",1904,Football,Football,"JANUARY, Thomas Thurston",USA,Men,football,M,Silver
"St Louis",1904,Football,Football,"LAWLER, Raymond E.",USA,Men,football,M,Silver
"St Louis",1904,Football,Football,"LYDON, Joseph",USA,Men,football,M,Silver
"St Louis",1904,Football,Football,"MENGES, Louis John",USA,Men,football,M,Silver
"St Louis",1904,Football,Football,"RATICAN, Peter Joseph",USA,Men,football,M,Silver
"St Louis",1904,Golf,Golf,"MCKINNIE, Burt P.",USA,Men,individual,M,Bronze
"St Louis",1904,Golf,Golf,"NEWTON, Francis Clement",USA,Men,individual,M,Bronze
"St Louis",1904,Golf,Golf,"LYON, George Seymour",CAN,Men,individual,M,Gold
"St Louis",1904,Golf,Golf,"EGAN, Henri Chandler",USA,Men,individual,M,Silver
"St Louis",1904,Golf,Golf,"CUMMINS, Edward M.",USA,Men,team,M,Gold
"St Louis",1904,Golf,Golf,"EDWARDS, Kenneth Paine",USA,Men,team,M,Gold
"St Louis",1904,Golf,Golf,"EGAN, Henri Chandler",USA,Men,team,M,Gold
"St Louis",1904,Golf,Golf,"EGAN, Walter Eugene",USA,Men,team,M,Gold
"St Louis",1904,Golf,Golf,"HUNTER, Robert Edward",USA,Men,team,M,Gold
"St Louis",1904,Golf,Golf,"MOORE, Nathaniel Fish",USA,Men,team,M,Gold
"St Louis",1904,Golf,Golf,"PHELPS, Mason Elliot",USA,Men,team,M,Gold
"St Louis",1904,Golf,Golf,"SAWYER, Danieledward",USA,Men,team,M,Gold
"St Louis",1904,Golf,Golf,"SMOOT, Clement E.",USA,Men,team,M,Gold
"St Louis",1904,Golf,Golf,"WOOD, Warren K.",USA,Men,team,M,Gold
"St Louis",1904,Golf,Golf,"CADY, John Deere",USA,Men,team,M,Silver
"St Louis",1904,Golf,Golf,"LAMBERT, Albert Bond",USA,Men,team,M,Silver
"St Louis",1904,Golf,Golf,"MAXWELL, John R.",USA,Men,team,M,Silver
"St Louis",1904,Golf,Golf,"MCKINNIE, Burt P.",USA,Men,team,M,Silver
"St Louis",1904,Golf,Golf,"MCKITTRICK, Ralph",USA,Men,team,M,Silver
"St Louis",1904,Golf,Golf,"NEWTON, Francis Clement",USA,Men,team,M,Silver
"St Louis",1904,Golf,Golf,"POTTER, Henry",USA,Men,team,M,Silver
"St Louis",1904,Golf,Golf,"SEMPLE, Frederick",USA,Men,team,M,Silver
"St Louis",1904,Golf,Golf,"STICKNEY, Arthur William",USA,Men,team,M,Silver
"St Louis",1904,Golf,Golf,"STICKNEY, Stuart Grosvenor",USA,Men,team,M,Silver
"St Louis",1904,Gymnastics,"Artistic G.","WILSON, Ralph",USA,Men,"club swinging",M,Bronze
"St Louis",1904,Gymnastics,"Artistic G.","HENNIG, Edward",USA,Men,"club swinging",M,Gold
"St Louis",1904,Gymnastics,"Artistic G.","VOIGT, Emil",USA,Men,"club swinging",M,Silver
"St Louis",1904,Gymnastics,"Artistic G.","WEBER, Wilhelm",GER,Men,"combined 3 events",M,Bronze
"St Louis",1904,Gymnastics,"Artistic G.","SPINNLER, Adolf",SUI,Men,"combined 3 events",M,Gold
"St Louis",1904,Gymnastics,"Artistic G.","LENHART, Julius",USA,Men,"combined 3 events",M,Silver
"St Louis",1904,Gymnastics,"Artistic G.","MERZ, William",USA,Men,"combined 4 events",M,Bronze
"St Louis",1904,Gymnastics,"Artistic G.","HEIDA, Anton",USA,Men,"combined 4 events",M,Gold
"St Louis",1904,Gymnastics,"Artistic G.","EYSER, George",USA,Men,"combined 4 events",M,Silver
"St Louis",1904,Gymnastics,"Artistic G.","EYSER, George",USA,Men,"horizontal bar",M,Bronze
"St Louis",1904,Gymnastics,"Artistic G.","HEIDA, Anton",USA,Men,"horizontal bar",M,Gold
"St Louis",1904,Gymnastics,"Artistic G.","HENNIG, Edward",USA,Men,"horizontal bar",M,Gold
"St Louis",1904,Gymnastics,"Artistic G.","SPINNLER, Adolf",SUI,Men,"individual all-round",M,Bronze
"St Louis",1904,Gymnastics,"Artistic G.","LENHART, Julius",USA,Men,"individual all-round",M,Gold
"St Louis",1904,Gymnastics,"Artistic G.","WEBER, Wilhelm",GER,Men,"individual all-round",M,Silver
"St Louis",1904,Gymnastics,"Artistic G.","DUHA, John",USA,Men,"parallel bars",M,Bronze
"St Louis",1904,Gymnastics,"Artistic G.","EYSER, George",USA,Men,"parallel bars",M,Gold
"St Louis",1904,Gymnastics,"Artistic G.","HEIDA, Anton",USA,Men,"parallel bars",M,Silver
"St Louis",1904,Gymnastics,"Artistic G.","MERZ, William",USA,Men,"pommel horse",M,Bronze
"St Louis",1904,Gymnastics,"Artistic G.","HEIDA, Anton",USA,Men,"pommel horse",M,Gold
"St Louis",1904,Gymnastics,"Artistic G.","EYSER, George",USA,Men,"pommel horse",M,Silver
"St Louis",1904,Gymnastics,"Artistic G.","VOIGT, Emil",USA,Men,rings,M,Bronze
"St Louis",1904,Gymnastics,"Artistic G.","GLASS, Hermann",USA,Men,rings,M,Gold
"St Louis",1904,Gymnastics,"Artistic G.","MERZ, William",USA,Men,rings,M,Silver
"St Louis",1904,Gymnastics,"Artistic G.","VOIGT, Emil",USA,Men,"rope climbing",M,Bronze
"St Louis",1904,Gymnastics,"Artistic G.","EYSER, George",USA,Men,"rope climbing",M,Gold
"St Louis",1904,Gymnastics,"Artistic G.","KRAUSE, Charles",USA,Men,"rope climbing",M,Silver
"St Louis",1904,Gymnastics,"Artistic G.","DUHA, John",USA,Men,"team competition",M,Bronze
"St Louis",1904,Gymnastics,"Artistic G.","KRAUSE, Charles",USA,Men,"team competition",M,Bronze
"St Louis",1904,Gymnastics,"Artistic G.","MAYACK, Robert",USA,Men,"team competition",M,Bronze
"St Louis",1904,Gymnastics,"Artistic G.","MEYER, George",USA,Men,"team competition",M,Bronze
"St Louis",1904,Gymnastics,"Artistic G.","SCHUSTER, Philipp",USA,Men,"team competition",M,Bronze
"St Louis",1904,Gymnastics,"Artistic G.","SIEGLER, Edward",USA,Men,"team competition",M,Bronze
"St Louis",1904,Gymnastics,"Artistic G.","GRIEB, John",USA,Men,"team competition",M,Gold
"St Louis",1904,Gymnastics,"Artistic G.","HEIDA, Anton",USA,Men,"team competition",M,Gold
"St Louis",1904,Gymnastics,"Artistic G.","HESS, Max",USA,Men,"team competition",M,Gold
"St Louis",1904,Gymnastics,"Artistic G.","KASSEL, Philipp",USA,Men,"team competition",M,Gold
"St Louis",1904,Gymnastics,"Artistic G.","LENHART, Julius",USA,Men,"team competition",M,Gold
"St Louis",1904,Gymnastics,"Artistic G.","RECKEWEG, Ernst",USA,Men,"team competition",M,Gold
"St Louis",1904,Gymnastics,"Artistic G.","BEYER, Emil",USA,Men,"team competition",M,Silver
"St Louis",1904,Gymnastics,"Artistic G.","BISSINGER, John",USA,Men,"team competition",M,Silver
"St Louis",1904,Gymnastics,"Artistic G.","ROSENKAMPF, Arthur",USA,Men,"team competition",M,Silver
"St Louis",1904,Gymnastics,"Artistic G.","SCHMITZ, Julian",USA,Men,"team competition",M,Silver
